Index,Biomass species,M,Ash ,VM,FC,C,H,O,N,PS,FT,HR,FR,Solid phase,Liquid phase,Gas phase
1,Jerusalem artichoke stick,15.76,3.34,67.4,13.5,45.36,6.11,47.26,0.75,0.5,550,10,100,35,44.9,20.1
2,Jerusalem artichoke stick,15.76,3.34,67.4,13.5,45.36,6.11,47.26,0.75,0.5,650,10,100,31.75,41.25,27
3,Jerusalem artichoke stick,15.76,3.34,67.4,13.5,45.36,6.11,47.26,0.75,0.5,750,10,100,30.2,40.6,29.2
4,Jerusalem artichoke stick,15.76,3.34,67.4,13.5,45.36,6.11,47.26,0.75,0.5,850,10,100,28.6,36.36,35.04
5,reed,5.89,8.47,72.12,13.52,42.78,5.17,50.51,1.33,0.5,550,10,100,32.85,54.38,12.77
6,reed,5.89,8.47,72.12,13.52,42.78,5.17,50.51,1.33,0.5,650,10,100,30.14,55.56,14.3
7,reed,5.89,8.47,72.12,13.52,42.78,5.17,50.51,1.33,0.5,750,10,100,28.4,54.75,16.85
8,reed,5.89,8.47,72.12,13.52,42.78,5.17,50.51,1.33,0.5,850,10,100,26.28,53.22,20.5
9,Corn straw,,7.27,75.56,17.17,39.57,5.25,53.2,1.81,0.55,450,,,52.57,28.48,18.95
10,Corn straw,,7.27,75.56,17.17,39.57,5.25,53.2,1.81,0.55,650,,,39.26,35.38,25.34
11,Corn straw,,7.27,75.56,17.17,39.57,5.25,53.2,1.81,0.55,850,,,28.82,33.56,37.61
12,Ponytail,8.12,0.76,78.95,14.04,52.33,5.81,41.66,0.2,0.3,400,10,,26.53,33.33,39.73
13,Ponytail,8.12,0.76,78.95,14.04,52.33,5.81,41.66,0.2,0.3,500,10,,24.84,31.64,42.9
14,Ponytail,8.12,0.76,78.95,14.04,52.33,5.81,41.66,0.2,0.3,600,10,,24.1,31.02,44.1
15,Ponytail,8.12,0.76,78.95,14.04,52.33,5.81,41.66,0.2,0.3,700,10,,23.33,29.3,45.8
16,wheat stalk,7.4,5.9,69.3,17.4,41.41,5.86,45.22,1.44,0.1,400,10,,56.69,25.04,14.8
17,wheat stalk,7.4,5.9,69.3,17.4,41.41,5.86,45.22,1.44,0.1,500,10,,47.28,30.66,21.16
18,wheat stalk,7.4,5.9,69.3,17.4,41.41,5.86,45.22,1.44,0.1,600,10,,46.56,30.19,21.89
19,Cigarette rod,,22.49,71.15,6.36,35.44,4.62,33.78,2.7,0.65,300,,300,57.7,20.8,21.7
20,Cigarette rod,,22.49,71.15,6.36,35.44,4.62,33.78,2.7,0.65,400,,300,47.2,22.2,29.7
21,Cigarette rod,,22.49,71.15,6.36,35.44,4.62,33.78,2.7,0.65,500,,300,42.2,21.1,35.7
22,Cigarette rod,,22.49,71.15,6.36,35.44,4.62,33.78,2.7,0.65,600,,300,39.8,19.2,41.1
23,Cigarette rod,,22.49,71.15,6.36,35.44,4.62,33.78,2.7,0.65,700,,300,32.6,20.1,46.2
24,Wheat straw,7.4,5.9,69.3,17.4,41.41,5.86,45.22,1.44,0.4,400,,3000,57.13,25.07,17.69
25,Wheat straw,7.4,5.9,69.3,17.4,41.41,5.86,45.22,1.44,0.4,500,,3000,47.7,30.88,20.85
26,Wheat straw,7.4,5.9,69.3,17.4,41.41,5.86,45.22,1.44,0.4,600,,3000,47,30.7,22.06
27,Corn straw,7.27,3.34,74.59,14.8,,,,,,500,2.5,20,31. 99,43. 71,24. 30
28,Corn straw,7.27,3.34,74.59,14.8,,,,,,500,5,20,29. 80,47. 20,23. 00
29,Corn straw,7.27,3.34,74.59,14.8,,,,,,500,10,20,28. 94,49. 94,21. 12
30,bamboo,10.41,2.1,73.05,14.44,45.06,4.58,37.53,0.28,0.43,400,5,,,,
31,bamboo,10.41,2.1,73.05,14.44,45.06,4.58,37.53,0.28,0.43,500,5,,,,
32,bamboo,10.41,2.1,73.05,14.44,45.06,4.58,37.53,0.28,0.43,600,5,,,,
33,Moso bamboo,,1.12,86.23,12.65,47.2,5.77,44.23,0.27,0.55,700,5,,31.06,39.21,29.48
34,Moso bamboo,,1.12,86.23,12.65,47.2,5.77,44.23,0.27,0.55,700,10,,25.46,36.16,38.1
35,Moso bamboo,,1.12,86.23,12.65,47.2,5.77,44.23,0.27,0.55,700,20,,23.12,34.35,40.84
36,Moso bamboo,,1.12,86.23,12.65,47.2,5.77,44.23,0.27,0.55,700,30,,21.48,33.76,42.1
37,Moso bamboo,,1.12,86.23,12.65,47.2,5.77,44.23,0.27,0.55,300,10,500,49.3,26.5,23.2
38,Moso bamboo,,1.12,86.23,12.65,47.2,5.77,44.23,0.27,0.32,400,10,500,30.7,35.2,34.1
39,Moso bamboo,,1.12,86.23,12.65,47.2,5.77,44.23,0.27,0.32,500,10,500,26,36.6,37.4
40,Moso bamboo,,1.12,86.23,12.65,47.2,5.77,44.23,0.27,0.32,600,10,500,24.3,36.1,39.6
41,Microalgae,,1.2,85.3,8.04,55.2,8.25,26.67,1.71,0.32,700,10,500,23.6,34.1,42.3
42,Microalgae,,1.2,85.3,8.04,55.2,8.25,26.67,1.71,0.75,400,20,100,64.87,13.89,23.3
43,Microalgae,,1.2,85.3,8.04,55.2,8.25,26.67,1.71,0.75,500,20,100,20.99,26.45,55
44,Microalgae,,1.2,85.3,8.04,55.2,8.25,26.67,1.71,0.75,600,20,100,20.78,22.34,60.71
45,Microalgae,,1.2,85.3,8.04,55.2,8.25,26.67,1.71,0.75,700,20,100,21.1,30.51,52.69
46,Microalgae,,1.2,85.3,8.04,55.2,8.25,26.67,1.71,0.75,800,20,100,19.92,19.98,61.29
47,sugar cane,5.4,3.1,80.2,11.3,44.86,5.87,48.97,0.24,0.5-0.6,350,10,100,50.07,29.04,20.89
48,sugar cane,5.4,3.1,80.2,11.3,44.86,5.87,48.97,0.24,0.5-0.6,400,10,100,45.09,33.07,21.27
49,sugar cane,5.4,3.1,80.2,11.3,44.86,5.87,48.97,0.24,0.5-0.6,450,10,100,37.31,38.16,24.22
50,sugar cane,5.4,3.1,80.2,11.3,44.86,5.87,48.97,0.24,0.5-0.6,500,10,100,31.46,41.97,26.52
51,sugar cane,5.4,3.1,80.2,11.3,44.86,5.87,48.97,0.24,0.5-0.6,550,10,100,31.4,40.2,28.4
52,sugar cane,5.4,3.1,80.2,11.3,44.86,5.87,48.97,0.24,0.5-0.6,600,10,100,30.06,39.5,35.64
53,sugar cane,5.4,3.1,80.2,11.3,44.86,5.87,48.97,0.24,0.5-0.6,650,10,100,23.36,38.81,37.09
54,sugar cane,5.4,3.1,80.2,11.3,44.86,5.87,48.97,0.24,0.5-0.6,350,50,100,47.16,30.83,20.91
55,sugar cane,5.4,3.1,80.2,11.3,44.86,5.87,48.97,0.24,0.5-0.6,400,50,100,42.16,35.76,22.12
56,sugar cane,5.4,3.1,80.2,11.3,44.86,5.87,48.97,0.24,0.5-0.6,450,50,100,34.48,41.3,23.11
57,sugar cane,5.4,3.1,80.2,11.3,44.86,5.87,48.97,0.24,0.5-0.6,500,50,100,28.24,45.19,25.97
58,sugar cane,5.4,3.1,80.2,11.3,44.86,5.87,48.97,0.24,0.5-0.6,550,50,100,25.11,44.32,29.45
59,sugar cane,5.4,3.1,80.2,11.3,44.86,5.87,48.97,0.24,0.5-0.6,600,50,100,24.87,41.81,32.3
60,sugar cane,5.4,3.1,80.2,11.3,44.86,5.87,48.97,0.24,0.5-0.6,650,50,100,24.21,39.5,34.13
61,sugar cane,5.4,3.1,80.2,11.3,44.86,5.87,48.97,0.24,0.25,500,50,100,37.4,26.94,34.17
62,sugar cane,5.4,3.1,80.2,11.3,44.86,5.87,48.97,0.24,0.38,500,50,100,39.54,27.94,30.99
63,sugar cane,5.4,3.1,80.2,11.3,44.86,5.87,48.97,0.24,0.55,500,50,100,45.49,29.14,25.71
64,sugar cane,5.4,3.1,80.2,11.3,44.86,5.87,48.97,0.24,0.8,500,50,100,43.82,36.41,20.44
65,sugar cane,5.4,3.1,80.2,11.3,44.86,5.87,48.97,0.24,1.35,500,50,100,41.59,37.79,20.49
66,sugar cane,5.4,3.1,80.2,11.3,44.86,5.87,48.97,0.24,0.55,500,50,50,39.53,33.78,26.4
67,sugar cane,5.4,3.1,80.2,11.3,44.86,5.87,48.97,0.24,0.55,500,50,100,45.18,27.93,27.17
68,sugar cane,5.4,3.1,80.2,11.3,44.86,5.87,48.97,0.24,0.55,500,50,150,42.7,27.2,29.7
69,sugar cane,5.4,3.1,80.2,11.3,44.86,5.87,48.97,0.24,0.55,500,50,200,41.85,26.72,31.22
70,straw ,,22.55,60.84,16.61,48.75,5.98,43.28,1.99,0.83,300,10,1500,49.55,31.29,17.63
71,straw ,,22.55,60.84,16.61,48.75,5.98,43.28,1.99,0.83,400,10,1500,32.75,41.96,24.01
72,straw ,,22.55,60.84,16.61,48.75,5.98,43.28,1.99,0.83,500,10,1500,27.93,43.12,28.7
73,straw ,,22.55,60.84,16.61,48.75,5.98,43.28,1.99,0.83,600,10,1500,25.71,45.2,28.32
74,straw ,,22.55,60.84,16.61,48.75,5.98,43.28,1.99,0.83,700,10,1500,25.03,43.9,29.94
75,Mangosteen plants,7.3,3.6,73.2,15.9,47.6,5.5,46.1,0.8,0.8,300,10,1500,49.5,30.7,19.75
76,Mangosteen plants,7.3,3.6,73.2,15.9,47.6,5.5,46.1,0.8,0.8,400,10,1500,30.95,48.3,20.74
77,Mangosteen plants,7.3,3.6,73.2,15.9,47.6,5.5,46.1,0.8,0.8,450,10,1500,29.42,49.01,21.5
78,Mangosteen plants,7.3,3.6,73.2,15.9,47.6,5.5,46.1,0.8,0.8,500,10,1500,27.15,50.03,22.82
79,Mangosteen plants,7.3,3.6,73.2,15.9,47.6,5.5,46.1,0.8,0.8,550,10,1500,26.21,50.57,23.23
80,Mangosteen plants,7.3,3.6,73.2,15.9,47.6,5.5,46.1,0.8,0.8,600,10,1500,25.92,49.7,24.3
81,Mangosteen plants,7.3,3.6,73.2,15.9,47.6,5.5,46.1,0.8,0.8,700,10,1500,25.1,48.24,26.66
82,Peanut shells ,8.03,11.31,58.38,22.29,37.87,5.19,55.24,1.57,1.25,300,15,50,47.76,14.38,36.43
83,Peanut shells,8.03,11.31,58.38,22.29,37.87,5.19,55.24,1.57,1.25,400,15,50,41.42,15.83,40.79
84,Peanut shells,8.03,11.31,58.38,22.29,37.87,5.19,55.24,1.57,1.25,500,15,50,37.06,17.75,41.17
85,Peanut shells,8.03,11.31,58.38,22.29,37.87,5.19,55.24,1.57,1.25,600,15,50,35.43,15.12,46.12
86,Peanut shells,8.03,11.31,58.38,22.29,37.87,5.19,55.24,1.57,1.25,700,15,50,33.73,13.03,52.4
87,Peanut shells,8.03,11.31,58.38,22.29,37.87,5.19,55.24,1.57,1.25,800,15,50,32.35,10.29,55.6
88,Peanut shells,8.03,11.31,58.38,22.29,37.87,5.19,55.24,1.57,1.25,900,15,50,33.78,8.88,53.54
89,Pine needles,8.81,12.24,60.09,18.86,46.28,5.8,47.03,0.72,1.25,300,15,50,52.2,14.48,30.19
90,Pine needles,8.81,12.24,60.09,18.86,46.28,5.8,47.03,0.72,1.25,400,15,50,45.01,18.12,35.96
91,Pine needles,8.81,12.24,60.09,18.86,46.28,5.8,47.03,0.72,1.25,500,15,50,36.51,20.76,41.36
92,Pine needles,8.81,12.24,60.09,18.86,46.28,5.8,47.03,0.72,1.25,600,15,50,35.25,18.84,41.92
93,Pine needles,8.81,12.24,60.09,18.86,46.28,5.8,47.03,0.72,1.25,700,15,50,32.79,12.72,52.07
94,Pine needles,8.81,12.24,60.09,18.86,46.28,5.8,47.03,0.72,1.25,800,15,50,33.89,15.78,47.61
95,Pine needles,8.81,12.24,60.09,18.86,46.28,5.8,47.03,0.72,1.25,900,15,50,30.54,13.28,51.32
96, C. vulgaris,6.26,6.11,76.13,11.5,47.32,6.9,36.45,8.48,1.25,300,15,50,43.05,20.64,35.92
97, C. vulgaris,6.26,6.11,76.13,11.5,47.32,6.9,36.45,8.48,1.25,400,15,50,43.46,16.38,37.7
98, C. vulgaris,6.26,6.11,76.13,11.5,47.32,6.9,36.45,8.48,1.25,500,15,50,29.28,32.69,34.25
99, C. vulgaris,6.26,6.11,76.13,11.5,47.32,6.9,36.45,8.48,1.25,600,15,50,22.33,28.5,43.71
100, C. vulgaris,6.26,6.11,76.13,11.5,47.32,6.9,36.45,8.48,1.25,700,15,50,23.73,27.25,46.8
101, C. vulgaris,6.26,6.11,76.13,11.5,47.32,6.9,36.45,8.48,1.25,800,15,50,21.58,26.55,50.83
102, C. vulgaris,6.26,6.11,76.13,11.5,47.32,6.9,36.45,8.48,1.25,900,15,50,19.3,21.04,58.29
103,Corncob,6.33,29.51,51.64,12.53,22.49,3.3,73.68,0.51,1.25,300,15,50,63.51,10.31,23.26
104,Corncob,6.33,29.51,51.64,12.53,22.49,3.3,73.68,0.51,11.25,400,15,50,54.42,11.43,31.02
105,Corncob,6.33,29.51,51.64,12.53,22.49,3.3,73.68,0.51,1.25,500,15,50,54.29,11.38,30.42
106,Corncob,6.33,29.51,51.64,12.53,22.49,3.3,73.68,0.51,1.25,600,15,50,50.93,10.68,35.92
107,Corncob,6.33,29.51,51.64,12.53,22.49,3.3,73.68,0.51,1.25,700,15,50,52.24,8.72,36.49
108,Corncob,6.33,29.51,51.64,12.53,22.49,3.3,73.68,0.51,1.25,800,15,50,48.27,8.28,41.43
109,Corncob,6.33,29.51,51.64,12.53,22.49,3.3,73.68,0.51,1.25,900,15,50,50.78,6.18,41.18
110,Dwarf palm,,3.26,89.8,10.2,47.36,5.93,43.91,2.14,0.21,500,30,100,21,62,17
111,Stumbling shrub,,2.24,77.7,22.3,54.36,5.81,38.91,0.8,0.2,500,30,100,23,55,22
112,Smooth Holly,,1.88,80.2,19.8,54.63,6.42,37.97,0.87,0.32,500,30,100,18,60,22
113,Mistletoe,,2.71,80.9,19.1,49.57,6.01,41.97,2.3,0.33,500,30,100,21,58,21
114,Little blue star,,3.75,74,13.16,51.22,5.66,40.75,2.22,0.11,500,30,100,21,61,18
115,Long leaved pine leaves,,1.84,70.99,18.08,51.37,3,44.31,1.21,0.42,500,30,100,20,58,22
116,Pinus longifolia litter,,1.61,69.92,19.38,52.31,6.09,39.23,2.31,0.46,500,30,100,17,60,23
117,Sawn palm,,2.9,67.24,20.77,49.49,5.48,43.96,0.9,0.22,500,30,100,22,54,24
118,Sparkle Berry,,2.82,69.59,18.5,52.49,7.71,38.9,0.74,0.24,500,30,100,23,57,20
119,Marsh Bay,,1.67,71.03,18.2,52.48,6.11,39.88,1.36,0.3,500,30,100,20,60,20
120,Water oak,,3.8,70.21,16.9,50.06,5.57,42.8,1.47,0.18,500,30,100,22,57,21
121,Myrtle wax,,2.19,68.67,20.05,50.65,5.44,41.46,2.31,0.19,500,30,100,21,54,25
122,Green bristlegrass,,3.95,71.05,15.91,47.42,6.34,42.68,3.31,0.31,500,30,100,20,60,20
123,Tea substitute Holly,,4.45,74.53,11.93,51.34,6.28,40.74,1.46,0.31,500,30,100,22,62,16
124,Carpinus betulus L.,2.28,9.52,78.83,9.37,41.78,5.36,52.26,0.6,0.75,400,7,,40.37,18.63,13.68
125,Carpinus betulus L.,2.28,9.52,78.83,9.37,41.78,5.36,52.26,0.6,0.75,450,7,,36.69,21.03,15.75
126,Carpinus betulus L.,2.28,9.52,78.83,9.37,41.78,5.36,52.26,0.6,0.75,500,7,,35.25,22.15,16.23
127,Carpinus betulus L.,2.28,9.52,78.83,9.37,41.78,5.36,52.26,0.6,0.75,550,7,,34.45,22.15,16.55
128,Carpinus betulus L.,2.28,9.52,78.83,9.37,41.78,5.36,52.26,0.6,0.75,600,7,,33.33,20.55,18.47
129,Carpinus betulus L.,2.28,9.52,78.83,9.37,41.78,5.36,52.26,0.6,0.75,550,7,,33.75,21.36,15.99
130,Carpinus betulus L.,2.28,9.52,78.83,9.37,41.78,5.36,52.26,0.6,0.75,550,15,,33.32,21.83,16.16
131,Carpinus betulus L.,2.28,9.52,78.83,9.37,41.78,5.36,52.26,0.6,0.75,550,30,,32.91,22.76,16.64
132,Carpinus betulus L.,2.28,9.52,78.83,9.37,41.78,5.36,52.26,0.6,0.75,550,50,,32.66,22.66,17.59
133,Carpinus betulus L.,2.28,9.52,78.83,9.37,41.78,5.36,52.26,0.6,0.75,550,50,50,34.21,23.66,14.31
134,Carpinus betulus L.,2.28,9.52,78.83,9.37,41.78,5.36,52.26,0.6,0.75,550,50,100,32.43,24.41,14.6
135,Carpinus betulus L.,2.28,9.52,78.83,9.37,41.78,5.36,52.26,0.6,0.75,550,50,150,31.83,22.48,17.43
136,Switchgrass,8.4,3.9,84.2,11.9,42,6.1,47.4,0.4,2,400,,,48.37,22.38,7.21
137,Switchgrass,8.4,3.9,84.2,11.9,42,6.1,47.4,0.4,2,500,,,42.73,27.91,9.94
138,Switchgrass,8.4,3.9,84.2,11.9,42,6.1,47.4,0.4,2,600,,,25.41,37.61,25.23
139,Kasaud seed,9.7,5.8,84,0.5,40.8,6.1,48.9,3.9,1.5,450,,,39.28,33.94,26.53
140,Kasaud seed,9.7,5.8,84,0.5,40.8,6.1,48.9,3.9,1.5,475,,,31.57,36.51,31.57
141,Kasaud seed,9.7,5.8,84,0.5,40.8,6.1,48.9,3.9,1.5,500,,,27.22,42.15,30.18
142,Kasaud seed,9.7,5.8,84,0.5,40.8,6.1,48.9,3.9,1.5,525,,,26.23,47.88,25.14
143,Kasaud seed,9.7,5.8,84,0.5,40.8,6.1,48.9,3.9,1.5,550,,,25.73,50.35,23.56
144,Kasaud seed,9.7,5.8,84,0.5,40.8,6.1,48.9,3.9,1.5,575,,,25.54,49.07,24.94
145,Rhinoceros sawdust,8.78,0.45,78.14,12.63,45.18,6.59,48.23,1,,400,40,100,26.79,21.62,28.08
146,Rhinoceros sawdust,8.78,0.45,78.14,12.63,45.18,6.59,48.23,1,,450,40,100,25.78,21.61,29.08
147,Rhinoceros sawdust,8.78,0.45,78.14,12.63,45.18,6.59,48.23,1,,500,40,100,25.62,22.61,29.21
148,Rhinoceros sawdust,8.78,0.45,78.14,12.63,45.18,6.59,48.23,1,,550,40,100,23.17,26.62,30.21
149,Rhinoceros sawdust,8.78,0.45,78.14,12.63,45.18,6.59,48.23,1,,600,40,100,22.45,29.77,28.47
150,Rhinoceros sawdust,8.78,0.45,78.14,12.63,45.18,6.59,48.23,1,,550,10,100,23.06,30.38,18.46
151,Rhinoceros sawdust,8.78,0.45,78.14,12.63,45.18,6.59,48.23,1,,550,20,100,22.19,29.08,19.17
152,Rhinoceros sawdust,8.78,0.45,78.14,12.63,45.18,6.59,48.23,1,,550,30,100,22.03,32.51,17.58
153,Rhinoceros sawdust,8.78,0.45,78.14,12.63,45.18,6.59,48.23,1,,550,40,100,22.88,29.92,26.47
154,Rhinoceros sawdust,8.78,0.45,78.14,12.63,45.18,6.59,48.23,1,,550,50,100,22.44,29.05,25.17
155,Rhinoceros sawdust,8.78,0.45,78.14,12.63,45.18,6.59,48.23,1,,550,30,50,22.28,32.71,13.85
156,Rhinoceros sawdust,8.78,0.45,78.14,12.63,45.18,6.59,48.23,1,,550,30,100,20.98,35.55,13.84
157,Rhinoceros sawdust,8.78,0.45,78.14,12.63,45.18,6.59,48.23,1,,550,30,150,21.11,30.96,15.96
158,Rice husk,9.5,12.7,62.7,15.1,37.86,5.24,35.32,0.68,,400,,100,23.2,42.9,33.9
159,Rice husk,9.5,12.7,62.7,15.1,37.86,5.24,35.32,0.68,,450,,100,39.3,34,26.7
160,Rice husk,9.5,12.7,62.7,15.1,37.86,5.24,35.32,0.68,,500,,100,46.9,30,23.1
161,Rice husk,9.5,12.7,62.7,15.1,37.86,5.24,35.32,0.68,,550,,100,40,34.3,25.7
162,Manikala sapota seed,0,1.19,77.02,21.79,52.7,5,40,1.46,1,400,,100,33.17,39.4,27.05
163,Manikala sapota seed,0,1.19,77.02,21.79,52.7,5,40,1.46,1,450,,100,28.51,42.41,28.92
164,Manikala sapota seed,0,1.19,77.02,21.79,52.7,5,40,1.46,1,500,,100,24.56,45,30.17
165,Manikala sapota seed,0,1.19,77.02,21.79,52.7,5,40,1.46,1,550,,100,22.9,41.78,35.15
166,Manikala sapota seed,0,1.19,77.02,21.79,52.7,5,40,1.46,1,600,,100,20.52,37.74,41.58
167,Manikala sapota seed,0,1.19,77.02,21.79,52.7,5,40,1.46,1,500,,50,30.87,40.96,28.08
168,Manikala sapota seed,0,1.19,77.02,21.79,52.7,5,40,1.46,1,500,,80,24.13,45.19,30.58
169,Manikala sapota seed,0,1.19,77.02,21.79,52.7,5,40,1.46,1,500,,100,22.88,43.65,33.08
170,Manikala sapota seed,0,1.19,77.02,21.79,52.7,5,40,1.46,1,500,,120,21.83,39.33,38.46
171,Manikala sapota seed,0,1.19,77.02,21.79,52.7,5,40,1.46,0.5,500,,100,24.33,45.63,30.8
172,Manikala sapota seed,0,1.19,77.02,21.79,52.7,5,40,1.46,1,500,,100,28.66,41.51,30.13
173,Manikala sapota seed,0,1.19,77.02,21.79,52.7,5,40,1.46,1.5,500,,100,33.34,39.55,28.08
174,Bagasse,6,4,72.8,17.2,43.7,5.1,46.5,0.1,,400,,,,,
175,Bagasse,6,4,72.8,17.2,43.7,5.1,46.5,0.1,,450,,,,,
176,Bagasse,6,4,72.8,17.2,43.7,5.1,46.5,0.1,,500,,,,,
177,Oat shell,14.8,2.4,56.4,26.4,40.6,6.1,49.9,1.1,,400,,,,,
178,Oat shell,14.8,2.4,56.4,26.4,40.6,6.1,49.9,1.1,,450,,,,,
179,Oat shell,14.8,2.4,56.4,26.4,40.6,6.1,49.9,1.1,,500,,,,,
180,Dried banana leaves,7.8,6.2,78.2,15.6,43.5,6.2,42.3,0.86,,500,10,,23.3,27,49.6
181,Sugarcane straw,10.4,16.4,74,13,43.2,6.7,33.2,0.3,,500,10,,48.2,35.5,20.4
182,wheat straw,4.56,4.89,79.92,15.18,44.93,5.71,48.73,0.63,,500,20,,60.6,21.7,17.1
183,grass,4.61,5.73,83.23,11.04,46.21,5.8,47.59,0.4,,500,20,,51.5,24.7,7.9
184,Miscanthus sinensis,4.55,4.46,75.62,19.92,46.95,5.85,46.28,0.92,,500,20,,60.27,19.17,11.1
185,Willow,5.71,2.96,81.19,15.85,48.48,5.74,43.91,1.87,,500,20,,51.4,19.28,19.89
186,Beech,4.24,0.96,85.89,13.15,53.04,5.42,41.63,0,,500,20,,67.8,12.6,13.3
187,Garlic stalk,5.81,8.8,5.82,2.21,42.29,6.03,47.84,3.84,2,400,30,50,30.25,37.85,31.35
188,Garlic stalk,5.81,8.8,5.82,2.21,42.29,6.03,47.84,3.84,2,450,30,50,26.38,38.67,35.5
189,Garlic stalk,5.81,8.8,5.82,2.21,42.29,6.03,47.84,3.84,2,500,30,50,24.72,39.64,35.22
190,Garlic stalk,5.81,8.8,5.82,2.21,42.29,6.03,47.84,3.84,2,550,30,50,26.24,37.85,36.05
191,Garlic stalk,5.81,8.8,5.82,2.21,42.29,6.03,47.84,3.84,2,600,30,50,24.72,39.23,36.46
192,Garlic stalk,5.81,8.8,5.82,2.21,42.29,6.03,47.84,3.84,0.8,500,30,50,31.93,35.89,32.34
193,Garlic stalk,5.81,8.8,5.82,2.21,42.29,6.03,47.84,3.84,2,500,30,50,26.71,40.51,32.99
194,Garlic stalk,5.81,8.8,5.82,2.21,42.29,6.03,47.84,3.84,4,500,30,50,25.31,40.74,33.23
195,Pepper stalk,2.82,5.82,68.06,23.3,46.23,5.6,46.42,1.75,2,300,30,50,45.53,33.41,21.16
196,Pepper stalk,2.82,5.82,68.06,23.3,46.23,5.6,46.42,1.75,2,350,30,50,38.13,38.13,22.67
197,Pepper stalk,2.82,5.82,68.06,23.3,46.23,5.6,46.42,1.75,2,400,30,50,31.99,44.66,23.21
198,Pepper stalk,2.82,5.82,68.06,23.3,46.23,5.6,46.42,1.75,2,450,30,50,29.88,45.34,24.31
199,Pepper stalk,2.82,5.82,68.06,23.3,46.23,5.6,46.42,1.75,2,500,30,50,26.94,45.47,26.66
200,Pepper stalk,2.82,5.82,68.06,23.3,46.23,5.6,46.42,1.75,2,550,30,50,26.93,46.15,26.51
201,Pepper stalk,2.82,5.82,68.06,23.3,46.23,5.6,46.42,1.75,2,600,30,50,26.77,46.55,26.49
202,Pepper stalk,2.82,5.82,68.06,23.3,46.23,5.6,46.42,1.75,2,650,30,50,25.78,45.28,28.99
203,Pepper stalk,2.82,5.82,68.06,23.3,46.23,5.6,46.42,1.75,0.8,480,30,50,31.29,33.48,31.97
204,Pepper stalk,2.82,5.82,68.06,23.3,46.23,5.6,46.42,1.75,2,480,30,50,32.44,39.56,28.33
205,Pepper stalk,2.82,5.82,68.06,23.3,46.23,5.6,46.42,1.75,4,480,30,50,27.56,45.65,26.88
206,Pepper stalk,2.82,5.82,68.06,23.3,46.23,5.6,46.42,1.75,7,480,30,50,28.57,46.25,25.15
207,Palm shell,4.7,8.6,73.5,13.2,52.05,5.37,42.1,0.49,2,500,10,,35.26,47.43,17.31
208,EFB,6.9,2.91,79.4,10.8,43.06,5.98,50.42,0.55,2,500,10,,29.05,45.75,25.2
209,Mesocarp fiber,8.6,5.8,78,8.6,45.03,6.15,47.89,0.94,2,500,10,,29.8,43.87,26.33
210,safflower seed,5.7,2.2,80.8,11.3,60.46,9.08,27.36,3.1,1.2,400,5,0,23.1,46.86,30.05
211,safflower seed,5.7,2.2,80.8,11.3,60.46,9.08,27.36,3.1,1.2,500,5,0,20.81,49.05,30.14
212,safflower seed,5.7,2.2,80.8,11.3,60.46,9.08,27.36,3.1,1.2,550,5,0,20.29,49.19,30.52
213,safflower seed,5.7,2.2,80.8,11.3,60.46,9.08,27.36,3.1,1.2,600,5,0,20.19,47.43,32.38
214,safflower seed,5.7,2.2,80.8,11.3,60.46,9.08,27.36,3.1,1.2,700,5,0,20,39.86,40.14
215,safflower seed,5.7,2.2,80.8,11.3,60.46,9.08,27.36,3.1,1.2,400,40,0,18.96,46.04,35
216,safflower seed,5.7,2.2,80.8,11.3,60.46,9.08,27.36,3.1,1.2,500,40,0,18.63,45.85,35.52
217,safflower seed,5.7,2.2,80.8,11.3,60.46,9.08,27.36,3.1,1.2,550,40,0,18.49,45.57,35.94
218,safflower seed,5.7,2.2,80.8,11.3,60.46,9.08,27.36,3.1,1.2,600,40,0,18.11,45.33,36.56
219,safflower seed,5.7,2.2,80.8,11.3,60.46,9.08,27.36,3.1,1.2,700,40,0,17.92,42.17,39.91
220,safflower seed,5.7,2.2,80.8,11.3,60.46,9.08,27.36,3.1,1.2,400,80,0,16.58,47.04,36.38
221,safflower seed,5.7,2.2,80.8,11.3,60.46,9.08,27.36,3.1,1.2,500,80,0,16.8,46.96,36.24
222,safflower seed,5.7,2.2,80.8,11.3,60.46,9.08,27.36,3.1,1.2,550,80,0,16.81,46.26,36.93
223,safflower seed,5.7,2.2,80.8,11.3,60.46,9.08,27.36,3.1,1.2,600,80,0,16.29,46.3,37.41
224,safflower seed,5.7,2.2,80.8,11.3,60.46,9.08,27.36,3.1,1.2,700,80,0,16.2,43.54,40.26
225,safflower seed,5.7,2.2,80.8,11.3,60.46,9.08,27.36,3.1,0.6,500,5,0,19.99,50.62,29.4
226,safflower seed,5.7,2.2,80.8,11.3,60.46,9.08,27.36,3.1,1,500,5,0,20.24,48.99,30.77
227,safflower seed,5.7,2.2,80.8,11.3,60.46,9.08,27.36,3.1,1.6,500,5,0,23.26,45.29,31.45
228,safflower seed,5.7,2.2,80.8,11.3,60.46,9.08,27.36,3.1,2,500,5,0,24.94,43.4,31.66
229,safflower seed,5.7,2.2,80.8,11.3,60.46,9.08,27.36,3.1,1,500,5,50,20.79,52.61,26.6
230,safflower seed,5.7,2.2,80.8,11.3,60.46,9.08,27.36,3.1,1,500,5,100,20.21,54.97,24.82
231,safflower seed,5.7,2.2,80.8,11.3,60.46,9.08,27.36,3.1,1,500,5,200,19.79,55.44,24.77
232,safflower seed,5.7,2.2,80.8,11.3,60.46,9.08,27.36,3.1,1,500,5,400,19.79,53.97,26.24
233,Baboon seeds ,12.5,7.3,69.1,11,54.1,6.12,34.53,5.23,0.2,400,25,100,20.66,47.5,31.79
234,Baboon seeds ,12.5,7.3,69.1,11,54.1,6.12,34.53,5.23,0.2,500,25,100,17.53,45.32,37.15
235,Baboon seeds ,12.5,7.3,69.1,11,54.1,6.12,34.53,5.23,0.2,600,25,100,14.94,39.8,43.26
236,Baboon seeds ,12.5,7.3,69.1,11,54.1,6.12,34.53,5.23,0.2,700,25,100,11.82,39.15,49.04
237,Baboon seeds ,12.5,7.3,69.1,11,54.1,6.12,34.53,5.23,0.3,500,25,100,18.17,45.1,36.75
238,Baboon seeds ,12.5,7.3,69.1,11,54.1,6.12,34.53,5.23,0.5,500,25,100,24.07,42.05,33.88
239,Baboon seeds ,12.5,7.3,69.1,11,54.1,6.12,34.53,5.23,0.7,500,25,100,24.65,42.29,33.08
240,Baboon seeds ,12.5,7.3,69.1,11,54.1,6.12,34.53,5.23,0.9,500,25,100,25.83,45.26,28.92
241,Baboon seeds ,12.5,7.3,69.1,11,54.1,6.12,34.53,5.23,0.2,500,25,100,19.94,44.04,36.01
242,Baboon seeds ,12.5,7.3,69.1,11,54.1,6.12,34.53,5.23,0.2,500,25,200,17.81,39.95,42.26
243,Baboon seeds ,12.5,7.3,69.1,11,54.1,6.12,34.53,5.23,0.2,500,25,300,18.78,37.99,43.23
244,Baboon seeds ,12.5,7.3,69.1,11,54.1,6.12,34.53,5.23,0.2,500,25,400,22.18,29.97,47.83
245,Grape pomace,6.2,4.7,68.42,20.68,45.69,6.25,45.49,1.67,0.5,350,10,0,41.77,17.51,26.72
246,Grape pomace,6.2,4.7,68.42,20.68,45.69,6.25,45.49,1.67,0.5,400,10,0,39.22,19.51,27.67
247,Grape pomace,6.2,4.7,68.42,20.68,45.69,6.25,45.49,1.67,0.5,450,10,0,34.8,20.23,31.19
248,Grape pomace,6.2,4.7,68.42,20.68,45.69,6.25,45.49,1.67,0.5,500,10,0,33.54,21.76,33.07
249,Grape pomace,6.2,4.7,68.42,20.68,45.69,6.25,45.49,1.67,0.5,550,10,0,32.04,23.06,33.2
250,Grape pomace,6.2,4.7,68.42,20.68,45.69,6.25,45.49,1.67,0.5,600,10,0,28.67,17.94,39.75
251,Grape pomace,6.2,4.7,68.42,20.68,45.69,6.25,45.49,1.67,0.5,350,50,0,37.81,21.48,26.45
252,Grape pomace,6.2,4.7,68.42,20.68,45.69,6.25,45.49,1.67,0.5,400,50,0,34.08,23.23,28.08
253,Grape pomace,6.2,4.7,68.42,20.68,45.69,6.25,45.49,1.67,0.5,450,50,0,32.93,24.04,28.38
254,Grape pomace,6.2,4.7,68.42,20.68,45.69,6.25,45.49,1.67,0.5,500,50,0,32.81,24.64,28.88
255,Grape pomace,6.2,4.7,68.42,20.68,45.69,6.25,45.49,1.67,0.5,550,50,0,30.62,25.14,29.38
256,Grape pomace,6.2,4.7,68.42,20.68,45.69,6.25,45.49,1.67,0.5,600,50,0,27.82,24.2,33.09
257,Grape pomace,6.2,4.7,68.42,20.68,45.69,6.25,45.49,1.67,0.5,550,50,50,28.44,25.49,28.74
258,Grape pomace,6.2,4.7,68.42,20.68,45.69,6.25,45.49,1.67,0.5,550,50,100,28.68,27.66,30.51
259,Grape pomace,6.2,4.7,68.42,20.68,45.69,6.25,45.49,1.67,0.5,550,50,150,27.91,26.89,33.41
260,Grape pomace,6.2,4.7,68.42,20.68,45.69,6.25,45.49,1.67,0.5,550,50,2000,27.24,24.08,37.11
261,Southern bimorphic microalgae,0.08,17.33,51.45,31.13,52.6,6.21,31.92,8.75,0.2,300,10,100,36.1,49.2,14.71
262,Southern bimorphic microalgae,0.08,17.33,51.45,31.13,52.6,6.21,31.92,8.75,0.2,400,10,100,28.56,53.02,18.42
263,Southern bimorphic microalgae,0.08,17.33,51.45,31.13,52.6,6.21,31.92,8.75,0.2,500,10,100,25.59,55.25,19.16
264,Southern bimorphic microalgae,0.08,17.33,51.45,31.13,52.6,6.21,31.92,8.75,0.2,600,10,100,21.88,53.64,24.48
265,Palm trunk,7.16,5.27,82.6,4.97,42.72,5.61,51.24,0.44,1.5,500,10,2000,40.87,33.6,25.53
266,Thallus,13.84,0.24,82.7,3.22,42.76,5.99,50.88,0.39,1.5,500,10,2000,43.5,30.24,26.26
267,Leaf,9,12.32,66.76,11.92,42.76,5.99,50.88,0.39,1.5,500,10,2000,16.58,36.75,46.67
268,Leaf rib,8.01,4.26,75.94,11.79,43.76,6.3,49.57,0.38,1.5,500,10,2000,29.02,28.63,42.35
269,pomegranate seeds,5.38,1.83,78.71,14.08,49.65,7.54,38.13,4.03,3.2,400,5,30,41.47,42.2,16.33
270,pomegranate seeds,5.38,1.83,78.71,14.08,49.65,7.54,38.13,4.03,3.2,500,5,30,29.83,54.04,16.13
271,pomegranate seeds,5.38,1.83,78.71,14.08,49.65,7.54,38.13,4.03,3.2,600,5,30,29.28,54.2,16.52
272,pomegranate seeds,5.38,1.83,78.71,14.08,49.65,7.54,38.13,4.03,3.2,800,5,30,27.87,52.07,20.06
273,Olive shell,,4.1,72.5,27.5,50.2,6.4,38.4,,2,470,,,30.14,,
274,Olive shell,,4.1,72.5,27.5,50.2,6.4,38.4,,2,550,,,29.3,,
275,Olive shell,,4.1,72.5,27.5,50.2,6.4,38.4,,2,655,,,27.48,,
276,Olive shell,,4.1,72.5,27.5,50.2,6.4,38.4,,,750,,,23.99,,
277,Olive shell,,4.1,72.5,27.5,50.2,6.4,38.4,,,750,,,21.06,,
278,Olive shell,,4.1,72.5,27.5,50.2,6.4,38.4,,,950,,,16.62,,
279,Olive shell,,4.1,72.5,27.5,50.2,6.4,38.4,,,1050,,,12.94,,
280,Olive shell,,4.1,72.5,27.5,50.2,6.4,38.4,,,1150,,,9.44,,
281,Olive shell,,1.1,84.6,15.4,49,5.6,43.8,,,1250,,,4.81,,
282,Olive shell,,1.1,84.6,15.4,49,5.6,43.8,,,470,,,38.59,,
283,Olive shell,,1.1,84.6,15.4,49,5.6,43.8,,,550,,,37.94,,
284,Corn straw,,1.1,84.6,15.4,49,5.6,43.8,,,655,,,36.32,,
285,Corn straw,,1.1,84.6,15.4,49,5.6,43.8,,,750,,,34.7,,
286,Corn straw,,1.1,84.6,15.4,49,5.6,43.8,,,750,,,32.69,,
287,Corn straw,,1.1,84.6,15.4,49,5.6,43.8,,,950,,,28.45,,
288,Corn straw,,1.1,84.6,15.4,49,5.6,43.8,,,1050,,,23.83,,
289,Corn straw,,1.1,84.6,15.4,49,5.6,43.8,,,1150,,,18.26,,
290,Corn straw,,1.1,84.6,15.4,49,5.6,43.8,,,1250,,,12.33,,
291,tea dust,,1.5,83.8,16.2,48.2,5.5,44.3,,,470,,,43.47,,
292,tea dust,,1.5,83.8,16.2,48.2,5.5,44.3,,,550,,,42.44,,
293,tea dust,,1.5,83.8,16.2,48.2,5.5,44.3,,,655,,,40.82,,
294,tea dust,,1.5,83.8,16.2,48.2,5.5,44.3,,,750,,,39.2,,
295,tea dust,,1.5,83.8,16.2,48.2,5.5,44.3,,,750,,,37.59,,
296,tea dust,,1.5,83.8,16.2,48.2,5.5,44.3,,,950,,,33.89,,
297,tea dust,,1.5,83.8,16.2,48.2,5.5,44.3,,,1050,,,28.33,,
298,tea dust,,1.5,83.8,16.2,48.2,5.5,44.3,,,1150,,,23.52,,
299,tea dust,,1.5,83.8,16.2,48.2,5.5,44.3,,,1250,,,16.83,,
300,Lemon grass,,7.21,59.99,39.34,39.34,5.81,53.3,1.54,0.65,350,0,,42.67,28.97,25.86
301,Lemon grass,,7.21,59.99,39.34,39.34,5.81,53.3,1.54,0.65,400,30,,40.34,32.33,27.93
302,Lemon grass,,7.21,59.99,39.34,39.34,5.81,53.3,1.54,0.65,450,30,,35.95,35.95,29.48
303,Lemon grass,,7.21,59.99,39.34,39.34,5.81,53.3,1.54,0.65,500,30,,31.29,33.88,34.4
304,Lemon grass,,7.21,59.99,39.34,39.34,5.81,53.3,1.54,0.65,550,30,,24.83,31.55,40.09
305,Lemon grass,,7.21,59.99,39.34,39.34,5.81,53.3,1.54,0.85,450,15,,39.49,34.77,25.33
306,Lemon grass,,7.21,59.99,39.34,39.34,5.81,53.3,1.54,0.85,450,30,,36.53,36.25,30.14
307,Lemon grass,,7.21,59.99,39.34,39.34,5.81,53.3,1.54,0.85,450,45,,25.23,41.07,34.68
308,Lemon grass,,7.21,59.99,39.34,39.34,5.81,53.3,1.54,0.45,450,30,,29.22,32.84,38.02
309,Lemon grass,,7.21,59.99,39.34,39.34,5.81,53.3,1.54,0.65,450,30,,32.33,35.17,32.07
310,Lemon grass,,7.21,59.99,39.34,39.34,5.81,53.3,1.54,0.85,450,30,,36.21,36.21,29.74
311,Lemon grass,,7.21,59.99,39.34,39.34,5.81,53.3,1.54,1.13,450,30,,38.53,35.69,25.6
312,rapeseed,4.9,5.5,81.7,7.9,62.1,9.1,24.9,3.9,0.65,400,30,0,24.62,41.08,26.44
313,rapeseed,4.9,5.5,81.7,7.9,62.1,9.1,24.9,3.9,0.65,500,30,0,21.7,45.18,26.12
314,rapeseed,4.9,5.5,81.7,7.9,62.1,9.1,24.9,3.9,0.65,550,30,0,19.38,46.67,25.96
315,rapeseed,4.9,5.5,81.7,7.9,62.1,9.1,24.9,3.9,0.65,600,30,0,19.21,45.64,27.01
316,rapeseed,4.9,5.5,81.7,7.9,62.1,9.1,24.9,3.9,0.65,700,30,0,18.29,44.36,30.59
317,rapeseed,4.9,5.5,81.7,7.9,62.1,9.1,24.9,3.9,0.23,550,30,0,22.53,43.01,26.22
318,rapeseed,4.9,5.5,81.7,7.9,62.1,9.1,24.9,3.9,0.53,550,30,0,21.05,44.67,25.98
319,rapeseed,4.9,5.5,81.7,7.9,62.1,9.1,24.9,3.9,0.73,550,30,0,16.56,48.24,27.42
320,rapeseed,4.9,5.5,81.7,7.9,62.1,9.1,24.9,3.9,1.03,550,30,0,15.53,49.23,29.3
321,rapeseed,4.9,5.5,81.7,7.9,62.1,9.1,24.9,3.9,1.6,550,30,0,17.08,48.42,27.49
322,rapeseed,4.9,5.5,81.7,7.9,62.1,9.1,24.9,3.9,2,550,30,0,20.98,46.28,26.47
323,rapeseed,4.9,5.5,81.7,7.9,62.1,9.1,24.9,3.9,1.2,550,30,50,16.34,48.64,27.03
324,rapeseed,4.9,5.5,81.7,7.9,62.1,9.1,24.9,3.9,1.2,550,30,100,15.54,51.41,25.9
325,rapeseed,4.9,5.5,81.7,7.9,62.1,9.1,24.9,3.9,1.2,550,30,200,15.3,51.61,24.88
326,rapeseed,4.9,5.5,81.7,7.9,62.1,9.1,24.9,3.9,1.2,550,30,400,15.58,49.22,27.5
327,rapeseed,4.9,5.5,81.7,7.9,62.1,9.1,24.9,3.9,0.63,400,300,100,27.07,36.1,6.1
328,rapeseed,4.9,5.5,81.7,7.9,62.1,9.1,24.9,3.9,0.63,500,300,100,17.46,60.68,6.01
329,rapeseed,4.9,5.5,81.7,7.9,62.1,9.1,24.9,3.9,0.63,550,300,100,16.12,63.22,6.28
330,rapeseed,4.9,5.5,81.7,7.9,62.1,9.1,24.9,3.9,0.63,600,300,100,15.1,61.56,6.28
331,rapeseed,4.9,5.5,81.7,7.9,62.1,9.1,24.9,3.9,0.63,700,300,100,14.2,56.94,5.98
332,rapeseed,4.9,5.5,81.7,7.9,62.1,9.1,24.9,3.9,0.23,550,300,100,19.25,55.25,18.2
333,rapeseed,4.9,5.5,81.7,7.9,62.1,9.1,24.9,3.9,0.53,550,300,100,18.78,58.26,16.17
334,rapeseed,4.9,5.5,81.7,7.9,62.1,9.1,24.9,3.9,0.73,550,300,100,12.93,68.06,12.41
335,rapeseed,4.9,5.5,81.7,7.9,62.1,9.1,24.9,3.9,1.03,550,300,100,13.16,67.77,12.98
336,rapeseed,4.9,5.5,81.7,7.9,62.1,9.1,24.9,3.9,1.6,550,300,100,13.22,65.57,14.78
337,rapeseed,4.9,5.5,81.7,7.9,62.1,9.1,24.9,3.9,2,550,300,100,16.06,64.58,14.67
338,rapeseed,4.9,5.5,81.7,7.9,62.1,9.1,24.9,3.9,0.93,550,300,50,14.27,65.07,14.93
339,rapeseed,4.9,5.5,81.7,7.9,62.1,9.1,24.9,3.9,0.93,550,300,100,13.12,68.19,12.96
340,rapeseed,4.9,5.5,81.7,7.9,62.1,9.1,24.9,3.9,0.93,550,300,200,13.62,68.19,12.63
341,rapeseed,4.9,5.5,81.7,7.9,62.1,9.1,24.9,3.9,0.93,550,300,400,14.44,65.89,14.11
342,Corncob,7.36,1.49,79.58,11.57,49.32,5.35,44.7,0.63,0.5,400,7,50,31.98,17.85,35.03
343,Corncob,7.36,1.49,79.58,11.57,49.32,5.35,44.7,0.63,0.5,450,7,50,29.8,19.42,35.29
344,Corncob,7.36,1.49,79.58,11.57,49.32,5.35,44.7,0.63,0.5,500,7,50,27.53,21.16,36.25
345,Corncob,7.36,1.49,79.58,11.57,49.32,5.35,44.7,0.63,0.5,550,7,50,27.01,20.2,37.12
346,Corncob,7.36,1.49,79.58,11.57,49.32,5.35,44.7,0.63,0.5,400,40,50,27.14,23.27,35.14
347,Corncob,7.36,1.49,79.58,11.57,49.32,5.35,44.7,0.63,0.5,450,40,50,25.8,24.25,36.12
348,Corncob,7.36,1.49,79.58,11.57,49.32,5.35,44.7,0.63,0.5,500,40,50,24.46,25.32,36.67
349,Corncob,7.36,1.49,79.58,11.57,49.32,5.35,44.7,0.63,0.5,550,40,50,23.55,23.98,38.07
350,Corncob,7.36,1.49,79.58,11.57,49.32,5.35,44.7,0.63,0.5,500,40,50,24.65,26.16,35.18
351,Corncob,7.36,1.49,79.58,11.57,49.32,5.35,44.7,0.63,0.5,500,40,100,24,26.65,35.77
352,Corncob,7.36,1.49,79.58,11.57,49.32,5.35,44.7,0.63,0.5,500,40,150,23.35,25.38,37.5
353,Corncob,7.36,1.49,79.58,11.57,49.32,5.35,44.7,0.63,0.5,500,40,200,23.4,47.7,38.62
354,"OPMF,PF",4.75,1.4,66.84,27.01,45.38,10.59,42.04,1.32,0.18,550,10,100,33.35,48.69,19.22
355,"OPMF,PF",4.75,1.4,66.84,27.01,45.38,10.59,42.04,1.32,0.18,550,10,200,34.45,46.26,16.9
356,"OPMF,PF",4.75,1.4,66.84,27.01,45.38,10.59,42.04,1.32,0.18,550,10,300,33.61,0.84,20.62
357,"OPMF,PF",4.83,5.87,70.33,18.97,41,6.74,51.24,0.67,0.18,550,10,100,25.35,49.52,24.98
358,"OPMF,PF",4.83,5.87,70.33,18.97,41,6.74,51.24,0.67,0.18,550,10,200,26.55,45.98,28.22
359,"OPMF,PF",4.83,5.87,70.33,18.97,41,6.74,51.24,0.67,0.18,550,10,300,25.82,45.77,29.16
360,"OPMF,PF",4.75,1.4,66.84,27.01,45.38,10.59,42.04,1.32,0.18,400,10,200,40.81,40.81,17.87
361,"OPMF,PF",4.75,1.4,66.84,27.01,45.38,10.59,42.04,1.32,0.18,450,10,200,38.16,47.21,15
362,"OPMF,PF",4.75,1.4,66.84,27.01,45.38,10.59,42.04,1.32,0.18,500,10,200,33.53,47.65,17.43
363,"OPMF,PF",4.75,1.4,66.84,27.01,45.38,10.59,42.04,1.32,175,550,10,200,34.41,50.51,15.44
364,"OPMF,PF",4.75,1.4,66.84,27.01,45.38,10.59,42.04,1.32,0.18,600,10,200,33.09,48.09,18.53
365,"OPMF,PF",4.83,5.87,70.33,18.97,41,6.74,51.24,0.67,0.18,400,10,200,31.55,42.27,25.16
366,"OPMF,PF",4.83,5.87,70.33,18.97,41,6.74,51.24,0.67,0.18,450,10,200,28.92,45.41,25.41
367,"OPMF,PF",4.83,5.87,70.33,18.97,41,6.74,51.24,0.67,0.18,500,10,200,27.11,45.46,26.91
368,"OPMF,PF",4.83,5.87,70.33,18.97,41,6.74,51.24,0.67,0.18,550,10,200,26.55,45.93,28.4
369,"OPMF,PF",4.83,5.87,70.33,18.97,41,6.74,51.24,0.67,0.18,600,10,200,23.51,47.01,29.28
370,Apricot shell,8.3,0.95,75,15.75,47.33,6.37,45.93,0.37,0.43,400,10,0,35.22,20.56,37.5
371,Apricot shell,8.3,0.95,75,15.75,47.33,6.37,45.93,0.37,0.43,450,10,0,32.12,21.1,39.11
372,Apricot shell,8.3,0.95,75,15.75,47.33,6.37,45.93,0.37,0.43,500,10,0,30.11,22.18,40.32
373,Apricot shell,8.3,0.95,75,15.75,47.33,6.37,45.93,0.37,0.43,550,10,0,29.03,21.1,42.74
374,Apricot shell,8.3,0.95,75,15.75,47.33,6.37,45.93,0.37,0.43,400,50,0,28.21,22.68,30.55
375,Apricot shell,8.3,0.95,75,15.75,47.33,6.37,45.93,0.37,0.43,450,50,0,28.45,23.23,30.68
376,Apricot shell,8.3,0.95,75,15.75,47.33,6.37,45.93,0.37,0.43,500,50,0,26.66,24.32,31.66
377,Apricot shell,8.3,0.95,75,15.75,47.33,6.37,45.93,0.37,0.43,550,50,0,26.15,22.96,33.07
378,Apricot shell,5.53,1.16,77.62,15.69,52.48,7.58,35.3,4.54,,300,,100,40.48,46.82,12.71
379,Cherry seed,5.53,1.16,77.62,15.69,52.48,7.58,35.3,4.54,,400,,100,30.4,51.96,17.65
380,Cherry seed,5.53,1.16,77.62,15.69,52.48,7.58,35.3,4.54,,500,,,26.52,52.75,20.76
381,Cherry seed,5.53,1.16,77.62,15.69,52.48,7.58,35.3,4.54,,600,,,25.41,52.8,21.77
382,Cherry seed,5.53,1.16,77.62,15.69,52.48,7.58,35.3,4.54,,400,,,31.41,48.76,19.81
383,Cherry seed,5.53,1.16,77.62,15.69,52.48,7.58,35.3,4.54,,500,,,19.26,57.15,23.59
384,Cherry seed,5.53,1.16,77.62,15.69,52.48,7.58,35.3,4.54,,600,,,15.16,47.33,37.51
385,Cherry seed,6.08,0.78,76.12,17.02,48.86,6.32,41.62,3.09,,300,,,39.01,46.76,14.23
386,Cherry seed,6.08,0.78,76.12,17.02,48.86,6.32,41.62,3.09,,400,,,31.43,51.83,16.74
387,Cherry seed,6.08,0.78,76.12,17.02,48.86,6.32,41.62,3.09,,500,,,27.83,53.76,18.41
388,Cherry seed,6.08,0.78,76.12,17.02,48.86,6.32,41.62,3.09,,600,,,27.14,52.78,20.08
389,Cherry seed,6.08,0.78,76.12,17.02,48.86,6.32,41.62,3.09,,400,,,24.16,62.45,13.39
390,Cherry seed,6.08,0.78,76.12,17.02,48.86,6.32,41.62,3.09,,500,,,15.54,60.82,23.64
391,Cherry seed,6.08,0.78,76.12,17.02,48.86,6.32,41.62,3.09,,600,,,18.4,52.31,29.29
392,"wheat straw , oat straw ",5.9,6.9,74.2,13,52.9,6.3,40.4,0.4,0.5,300,7,,32.03,14.05,31.81
393,"wheat straw , oat straw ",5.9,6.9,74.2,13,52.9,6.3,40.4,0.4,0.5,400,7,,27.47,15.19,32.73
394,"wheat straw , oat straw ",5.9,6.9,74.2,13,52.9,6.3,40.4,0.4,0.5,500,7,,26.19,19.39,30.13
395,"wheat straw , oat straw ",5.9,6.9,74.2,13,52.9,6.3,40.4,0.4,0.5,600,7,,24.69,17.89,31.92
396,"wheat straw , oat straw ",5.9,6.9,74.2,13,52.9,6.3,40.4,0.4,0.5,700,7,,22.53,14.2,39.42
397,"wheat straw , oat straw ",5.9,6.9,74.2,13,52.9,6.3,40.4,0.4,0.5,800,7,,22.35,13.36,40.55
398,"wheat straw , oat straw ",6.7,17.3,75.9,0.2,48.5,6,45.1,0.4,0.4,300,7,,31.84,15.42,28.11
399,"wheat straw , oat straw ",6.7,17.3,75.9,0.2,48.5,6,45.1,0.4,0.4,400,7,,29.1,14.18,29.6
400,"wheat straw , oat straw ",6.7,17.3,75.9,0.2,48.5,6,45.1,0.4,0.4,500,7,,27.11,19.15,30.1
401,"wheat straw , oat straw ",6.7,17.3,75.9,0.2,48.5,6,45.1,0.4,0.4,600,7,,24.63,19.65,30.85
402,"wheat straw , oat straw ",6.7,17.3,75.9,0.2,48.5,6,45.1,0.4,0.4,700,7,,22.39,16.17,33.58
403,"wheat straw , oat straw ",6.7,17.3,75.9,0.2,48.5,6,45.1,0.4,0.4,800,7,,22.89,14.68,34.83
404,Glycyrrhiza glabra,3.67,3.04,,,45.13,6.24,48.03,0.6,10,350,,100,29.89,26.53,43.59
405,Glycyrrhiza glabra,3.67,3.04,,,45.13,6.24,48.03,0.6,10,450,,100,27.58,29.91,42.51
406,Glycyrrhiza glabra,3.67,3.04,,,45.13,6.24,48.03,0.6,10,550,,100,26.54,31.53,41.93
407,Glycyrrhiza glabra,3.67,3.04,,,45.13,6.24,48.03,0.6,10,350,,100,37.41,27.38,35.21
408,Glycyrrhiza glabra,3.67,3.04,,,45.13,6.24,48.03,0.6,10,450,,100,33.14,28.05,38.81
409,Glycyrrhiza glabra,3.67,3.04,,,45.13,6.24,48.03,0.6,10,550,,100,29.69,29.55,40.76
410,Glycyrrhiza glabra,3.67,3.04,,,45.13,6.24,48.03,0.6,10,350,,100,35.77,26.68,37.55
411,Glycyrrhiza glabra,3.67,3.04,,,45.13,6.24,48.03,0.6,10,450,,100,32.41,28.36,39.23
412,Glycyrrhiza glabra,3.67,3.04,,,45.13,6.24,48.03,0.6,10,550,,100,30.51,33.66,35.83
413,Glycyrrhiza glabra,3.67,3.04,,,45.13,6.24,48.03,0.6,10,350,,100,35.86,25.37,38.77
414,Glycyrrhiza glabra,3.67,3.04,,,45.13,6.24,48.03,0.6,10,450,,100,32.46,26.08,41.46
415,Glycyrrhiza glabra,3.67,3.04,,,45.13,6.24,48.03,0.6,10,550,,100,30.47,27.79,41.74
416,Glycyrrhiza glabra,3.67,3.04,,,45.13,6.24,48.03,0.6,10,350,,100,33.35,26.65,40
417,Glycyrrhiza glabra,3.67,3.04,,,45.13,6.24,48.03,0.6,10,450,,100,32.46,28.18,39.37
418,Glycyrrhiza glabra,3.67,3.04,,,45.13,6.24,48.03,0.6,10,550,,100,28.14,29.4,42.46
419,Glycyrrhiza glabra,3.67,3.04,,,45.13,6.24,48.03,0.6,10,350,,100,30.94,26.98,42.08
420,Glycyrrhiza glabra,3.67,3.04,,,45.13,6.24,48.03,0.6,10,450,,100,28.63,27.2,44.17
421,Glycyrrhiza glabra,3.67,3.04,,,45.13,6.24,48.03,0.6,10,550,,100,26.27,34.42,39.31
422,sesame seed,8.7,6.63,74.8,9.87,52.43,6.09,40.86,0.62,0.6,400,300,,33.07,41.36,25.57
423,sesame seed,8.7,6.63,74.8,9.87,52.43,6.09,40.86,0.62,0.6,500,300,,23.07,49.77,27.16
424,sesame seed,8.7,6.63,74.8,9.87,52.43,6.09,40.86,0.62,0.6,550,300,,20.11,52.73,27.16
425,sesame seed,8.7,6.63,74.8,9.87,52.43,6.09,40.86,0.62,0.6,700,300,,16.7,43.75,39.55
426,sesame seed,8.7,6.63,74.8,9.87,52.43,6.09,40.86,0.62,0.33,550,300,,23.11,48.54,28.34
427,sesame seed,8.7,6.63,74.8,9.87,52.43,6.09,40.86,0.62,0.63,550,300,,19.98,52.61,27.4
428,sesame seed,8.7,6.63,74.8,9.87,52.43,6.09,40.86,0.62,1.03,550,300,,21.47,51.21,27.31
429,sesame seed,8.7,6.63,74.8,9.87,52.43,6.09,40.86,0.62,1.35,550,300,,20.17,47.99,31.84
430,sesame seed,8.7,6.63,74.8,9.87,52.43,6.09,40.86,0.62,0.6,550,100,100,22.38,53.33,24.29
431,sesame seed,8.7,6.63,74.8,9.87,52.43,6.09,40.86,0.62,1.6,550,300,100,20.16,54.29,25.56
432,sesame seed,8.7,6.63,74.8,9.87,52.43,6.09,40.86,0.62,2.6,550,500,100,18.25,55.71,26.03
433,sesame seed,8.7,6.63,74.8,9.87,52.43,6.09,40.86,0.62,3.6,550,700,100,20.16,53.02,26.83
434,tobacco residues,7.74,11.16,67.67,13.43,51.65,6.2,40.1,2.05,150,400,7,50,49.02,35.04,15.94
435,tobacco residues,8.74,12.16,68.67,14.43,52.65,7.2,41.1,3.05,150,500,7,50,36.28,37.99,25.73
436,tobacco residues,9.74,13.16,69.67,15.43,53.65,8.2,42.1,4.05,150,550,7,50,34.05,39.11,26.83
437,tobacco residues,10.74,14.16,70.67,16.43,54.65,9.2,43.1,5.05,150,700,7,50,29.46,37.74,32.8
438,tobacco residues,11.74,15.16,71.67,17.43,55.65,10.2,44.1,6.05,150,400,7,100,49.23,35.97,14.8
439,tobacco residues,12.74,16.16,72.67,18.43,56.65,11.2,45.1,7.05,150,500,7,100,35.56,39.38,25.06
440,tobacco residues,13.74,17.16,73.67,19.43,57.65,12.2,46.1,8.05,150,550,7,100,32.72,41.82,25.46
441,tobacco residues,14.74,18.16,74.67,20.43,58.65,13.2,47.1,9.05,150,700,7,100,29.07,39.32,31.61
442,tobacco residues,15.74,19.16,75.67,21.43,59.65,14.2,48.1,10.05,150,400,7,200,50.15,35.16,14.68
443,tobacco residues,16.74,20.16,76.67,22.43,60.65,15.2,49.1,11.05,150,500,7,200,36.95,39.5,23.54
444,tobacco residues,17.74,21.16,77.67,23.43,61.65,16.2,50.1,12.05,150,550,7,200,34.68,40.18,25.15
445,tobacco residues,18.74,22.16,78.67,24.43,62.65,17.2,51.1,13.05,150,700,7,200,27.85,36.01,36.14
446,tobacco residues,19.74,23.16,79.67,25.43,63.65,18.2,52.1,14.05,150,400,7,400,52.09,22.4,25.52
447,tobacco residues,20.74,24.16,80.67,26.43,64.65,19.2,53.1,15.05,150,500,7,400,46.16,24.31,29.53
448,tobacco residues,21.74,25.16,81.67,27.43,65.65,20.2,54.1,16.05,150,550,7,400,42.02,26.62,31.36
449,tobacco residues,22.74,26.16,82.67,28.43,66.65,21.2,55.1,17.05,150,700,7,400,34.12,23.81,42.08
450,rice straw,7.16,15.43,62.43,14.98,44.82,5.08,49.18,0.92,0.85,400,5,,30.84,22.17,25.8
451,rice straw,7.16,15.43,62.43,14.98,44.82,5.08,49.18,0.92,0.85,500,5,,28.3,26.36,23.09
452,rice straw,7.16,15.43,62.43,14.98,44.82,5.08,49.18,0.92,0.85,600,5,,26.91,27.92,24.17
453,rice straw,7.16,15.43,62.43,14.98,44.82,5.08,49.18,0.92,0.85,700,5,,24.86,23.25,29.98
454,rice straw,7.16,15.43,62.43,14.98,44.82,5.08,49.18,0.92,2,600,5,,27.79,24.96,24.6
455,rice straw,7.16,15.43,62.43,14.98,44.82,5.08,49.18,0.92,1.6,600,5,,27.08,25.49,23.36
456,rice straw,7.16,15.43,62.43,14.98,44.82,5.08,49.18,0.92,1.05,600,5,,26.19,26.55,23.19
457,rice straw,7.16,15.43,62.43,14.98,44.82,5.08,49.18,0.92,0.63,600,5,,25.49,27.79,23.36
458,rice straw,7.16,15.43,62.43,14.98,44.82,5.08,49.18,0.92,0.33,600,5,,27.61,25.84,22.83
459,rice straw,7.16,15.43,62.43,14.98,44.82,5.08,49.18,0.92,0.1,600,5,,30.27,24.96,21.06
460,rice straw,7.16,15.43,62.43,14.98,44.82,5.08,49.18,0.92,0.63,600,5,50,26.55,28.57,17.31
461,rice straw,7.16,15.43,62.43,14.98,44.82,5.08,49.18,0.92,0.63,600,5,100,26.39,29.58,15.63
462,rice straw,7.16,15.43,62.43,14.98,44.82,5.08,49.18,0.92,0.63,600,5,200,25.88,30.08,12.77
463,rice straw,7.16,15.43,62.43,14.98,44.82,5.08,49.18,0.92,0.63,600,5,400,25.71,28.24,14.62
464,Lampranthus spectabilis,5.6,4.6,,,39.27,6.54,52.91,1.28,0.2,350,10,100,39.7,31.69,28.52
465,Lampranthus spectabilis,5.6,4.6,,,39.27,6.54,52.91,1.28,0.2,400,10,100,38.34,32.29,29.28
466,Lampranthus spectabilis,5.6,4.6,,,39.27,6.54,52.91,1.28,0.2,450,10,100,37.69,32.53,29.83
467,Lampranthus spectabilis,5.6,4.6,,,39.27,6.54,52.91,1.28,0.2,500,10,100,37.17,32.86,30.04
468,Lampranthus spectabilis,5.6,4.6,,,39.27,6.54,52.91,1.28,0.2,550,10,100,36.58,31.59,31.9
469,Lampranthus spectabilis,5.6,4.6,,,39.27,6.54,52.91,1.28,0.2,350,30,100,38.13,32.27,29.6
470,Lampranthus spectabilis,5.6,4.6,,,39.27,6.54,52.91,1.28,0.2,400,30,100,37.58,32.94,29.53
471,Lampranthus spectabilis,5.6,4.6,,,39.27,6.54,52.91,1.28,0.2,450,30,100,36.41,33.31,30.27
472,Lampranthus spectabilis,5.6,4.6,,,39.27,6.54,52.91,1.28,0.2,500,30,100,35.89,33.8,30.34
473,Lampranthus spectabilis,5.6,4.6,,,39.27,6.54,52.91,1.28,0.2,550,30,100,35.53,32.61,31.9
474,Lampranthus spectabilis,5.6,4.6,,,39.27,6.54,52.91,1.28,0.2,350,50,100,37.63,33.37,29
475,Lampranthus spectabilis,5.6,4.6,,,39.27,6.54,52.91,1.28,0.2,400,50,100,36.77,33.65,29.58
476,Lampranthus spectabilis,5.6,4.6,,,39.27,6.54,52.91,1.28,0.2,450,50,100,36.12,33.86,30.04
477,Lampranthus spectabilis,5.6,4.6,,,39.27,6.54,52.91,1.28,0.2,500,50,100,34.61,34.61,30.71
478,Lampranthus spectabilis,5.6,4.6,,,39.27,6.54,52.91,1.28,0.2,550,50,100,33.88,32.92,33.15
479,Lampranthus spectabilis,5.6,4.6,,,39.27,6.54,52.91,1.28,0.2,500,50,100,34.7,34.89,30.63
480,Lampranthus spectabilis,5.6,4.6,,,39.27,6.54,52.91,1.28,0.26,500,50,100,35.47,33.67,31.12
481,Lampranthus spectabilis,5.6,4.6,,,39.27,6.54,52.91,1.28,0.36,500,50,100,35.4,32.94,31.23
482,Lampranthus spectabilis,5.6,4.6,,,39.27,6.54,52.91,1.28,0.63,500,50,100,36.36,32.86,31.06
483,Lampranthus spectabilis,5.6,4.6,,,39.27,6.54,52.91,1.28,0.2,500,50,100,34.74,34.43,31.03
484,Lampranthus spectabilis,5.6,4.6,,,39.27,6.54,52.91,1.28,0.2,500,50,150,32.73,35.21,31.34
485,Lampranthus spectabilis,5.6,4.6,,,39.27,6.54,52.91,1.28,0.2,500,50,200,33.04,35.98,31.03
486,Lampranthus spectabilis,5.6,4.6,,,39.27,6.54,52.91,1.28,0.2,500,50,250,32.42,33.2,34.28
487,Lampranthus spectabilis,5.8,7.4,76.1,10.7,49.81,6.22,39.1,4.87,1.33,400,300,25,41.98,39.5,18.53
488,Lampranthus spectabilis,5.8,7.4,76.1,10.7,49.81,6.22,39.1,4.87,1.33,500,300,25,34.95,48.79,16.25
489,Lampranthus spectabilis,5.8,7.4,76.1,10.7,49.81,6.22,39.1,4.87,1.33,550,300,25,32.95,43.21,23.85
490,Lampranthus spectabilis,5.8,7.4,76.1,10.7,49.81,6.22,39.1,4.87,1.33,700,300,25,29.47,51.19,19.34
491,Lampranthus spectabilis,5.8,7.4,76.1,10.7,49.81,6.22,39.1,4.87,1.33,400,300,100,41.18,39.2,19.62
492,Lampranthus spectabilis,5.8,7.4,76.1,10.7,49.81,6.22,39.1,4.87,1.33,500,300,100,33.19,55.38,11.43
493,Lampranthus spectabilis,5.8,7.4,76.1,10.7,49.81,6.22,39.1,4.87,1.33,550,300,100,31.93,57.69,10.38
494,Lampranthus spectabilis,5.8,7.4,76.1,10.7,49.81,6.22,39.1,4.87,1.33,700,300,100,26.26,41.3,32.44
495,Avocado seed ,9.75,1.43,,,41.98,6.77,50.58,0.66,0.5,400,50,30,26.75,28.1,45.15
496,Avocado seed ,9.75,1.43,,,41.98,6.77,50.58,0.66,0.5,500,50,30,24.8,29.55,45.65
497,Avocado seed ,9.75,1.43,,,41.98,6.77,50.58,0.66,0.5,600,50,30,22.95,36.45,40.65
498,Avocado seed ,9.75,1.43,,,41.98,6.77,50.58,0.66,0.5,400,50,30,29.05,35.54,35.55
499,Avocado seed ,9.75,1.43,,,41.98,6.77,50.58,0.66,0.5,500,50,30,27.5,36.6,35.9
500,Avocado seed ,9.75,1.43,,,41.98,6.77,50.58,0.66,0.5,600,50,30,26.25,37.5,36
501,Avocado seed ,9.75,1.43,,,41.98,6.77,50.58,0.66,0.5,400,50,30,27.85,27.4,44.75
502,Avocado seed ,9.75,1.43,,,41.98,6.77,50.58,0.66,0.5,500,50,30,26.25,32.05,41.7
503,Avocado seed ,9.75,1.43,,,41.98,6.77,50.58,0.66,0.5,600,50,30,24.25,34,43.25
504,P. glabra and M. ferrea seeds,3.5,2.72,74.58,19.2,44,5.46,48.8,1.61,0.2,350,40,100,33,23.16,19.48
505,P. glabra and M. ferrea seeds,3.5,2.72,74.58,19.2,44,5.46,48.8,1.61,0.2,450,40,100,29.4,25.6,21.68
506,P. glabra and M. ferrea seeds,3.5,2.72,74.58,19.2,44,5.46,48.8,1.61,0.2,550,40,100,28.6,28.56,23.32
507,P. glabra and M. ferrea seeds,3.5,2.72,74.58,19.2,44,5.46,48.8,1.61,0.2,650,40,100,28.84,26.84,24.68
508,P. glabra and M. ferrea seeds,3.8,1.17,76.83,18.2,47.5,5.43,45.9,1.15,0.2,350,40,100,30.54,25.23,20.48
509,P. glabra and M. ferrea seeds,3.8,1.17,76.83,18.2,47.5,5.43,45.9,1.15,0.2,450,40,100,27.46,26.87,23.18
510,P. glabra and M. ferrea seeds,3.8,1.17,76.83,18.2,47.5,5.43,45.9,1.15,0.2,550,40,100,26.23,29.6,23.82
511,P. glabra and M. ferrea seeds,3.8,1.17,76.83,18.2,47.5,5.43,45.9,1.15,0.2,650,40,100,25.87,27.84,24.74
512,paulownia wood ,-100,1.06,71.8,20.64,44.73,6.12,48.28,0.87,0.73,350,10,0,31.42,43.09,24.98
513,paulownia wood ,,1.06,71.8,20.64,44.73,6.12,48.28,0.87,0.73,400,10,0,29.62,42.63,27.19
514,paulownia wood ,,1.06,71.8,20.64,44.73,6.12,48.28,0.87,0.73,450,10,0,28.55,44.59,26.96
515,paulownia wood ,,1.06,71.8,20.64,44.73,6.12,48.28,0.87,0.73,500,10,0,26.74,45.71,27.84
516,paulownia wood ,,1.06,71.8,20.64,44.73,6.12,48.28,0.87,0.73,550,10,0,26.15,45.85,28.22
517,paulownia wood ,,1.06,71.8,20.64,44.73,6.12,48.28,0.87,0.73,600,10,0,25.57,45.14,29.09
518,paulownia wood ,,1.06,71.8,20.64,44.73,6.12,48.28,0.87,0.73,350,50,0,29.53,48.47,22.14
519,paulownia wood ,,1.06,71.8,20.64,44.73,6.12,48.28,0.87,0.73,400,50,0,29.3,47.71,22.86
520,paulownia wood ,,1.06,71.8,20.64,44.73,6.12,48.28,0.87,0.73,450,50,0,27.6,50.03,23.17
521,paulownia wood ,,1.06,71.8,20.64,44.73,6.12,48.28,0.87,0.73,500,50,0,26.17,51.16,23.35
522,paulownia wood ,,1.06,71.8,20.64,44.73,6.12,48.28,0.87,0.73,550,50,0,24.6,50.26,25.55
523,paulownia wood ,,1.06,71.8,20.64,44.73,6.12,48.28,0.87,0.73,600,50,0,24.11,48.69,27.74
524,paulownia wood ,,1.06,71.8,20.64,44.73,6.12,48.28,0.87,0.33,500,50,0,27.23,51.03,21.67
525,paulownia wood ,,1.06,71.8,20.64,44.73,6.12,48.28,0.87,0.73,500,50,0,25.89,50.85,22.79
526,paulownia wood ,,1.06,71.8,20.64,44.73,6.12,48.28,0.87,1.4,500,50,0,25.58,48.6,25.32
527,paulownia wood ,,1.06,71.8,20.64,44.73,6.12,48.28,0.87,2,500,50,0,25.66,49.71,23.72
528,paulownia wood ,,1.06,71.8,20.64,44.73,6.12,48.28,0.87,1,500,50,100,25.25,54.3,19.86
529,paulownia wood ,,1.06,71.8,20.64,44.73,6.12,48.28,0.87,1,500,50,200,23.01,52.8,25.4
530,paulownia wood ,,1.06,71.8,20.64,44.73,6.12,48.28,0.87,1,500,50,300,23.01,51.01,26.9
531,paulownia wood ,5.38,1.83,78.71,14.08,49.65,7.54,38.13,4.03,3.2,400,,,41.47,42.2,16.33
532,paulownia wood ,5.38,1.83,78.71,14.08,49.65,7.54,38.13,4.03,3.2,500,,,29.83,54.04,16.13
533,paulownia wood ,5.38,1.83,78.71,14.08,49.65,7.54,38.13,4.03,3.2,600,,,29.28,54.2,16.52
534,paulownia wood ,5.38,1.83,78.71,14.08,49.65,7.54,38.13,4.03,3.2,800,,,27.87,52.07,20.06
535,spirulina,8.45,13.99,65.48,12.08,39.26,6.11,47.71,6.65,0.75,450,100,30,31.7,42.91,25.68
536,spirulina,8.45,13.99,65.48,12.08,39.26,6.11,47.71,6.65,0.75,500,100,30,32.49,43.28,24.19
537,spirulina,8.45,13.99,65.48,12.08,39.26,6.11,47.71,6.65,0.75,550,100,30,31.41,47.18,23.73
538,spirulina,8.45,13.99,65.48,12.08,39.26,6.11,47.71,6.65,0.75,600,100,30,32,42.57,27.43
539,spirulina,5.57,0.36,80.9,15.2,46.8,6.3,46.9,19.4,,350,15,,37,39.7,23.3
540,spirulina,5.57,0.36,80.9,15.2,46.8,6.3,46.9,19.4,,400,15,,35.9,40,24.1
541,spirulina,5.57,0.36,80.9,15.2,46.8,6.3,46.9,19.4,,450,15,,30.3,44.1,25.6
542,spirulina,5.57,0.36,80.9,15.2,46.8,6.3,46.9,19.4,,500,15,,28,45.3,26.7
543,spirulina,5.57,0.36,80.9,15.2,46.8,6.3,46.9,19.4,,550,15,,26.2,48,27.8
544,spirulina,5.57,0.36,80.9,15.2,46.8,6.3,46.9,19.4,,600,15,,25.2,45.7,29.1
545,spirulina,3.52,0.42,79.7,14.4,52.7,6.5,40.8,22.5,,350,15,,42.5,35.7,21.8
546,spirulina,3.52,0.42,79.7,14.4,52.7,6.5,40.8,22.5,,400,15,,35.5,38.3,26.2
547,spirulina,3.52,0.42,79.7,14.4,52.7,6.5,40.8,22.5,,450,15,,31.2,39.5,29.3
548,spirulina,3.52,0.42,79.7,14.4,52.7,6.5,40.8,22.5,,500,15,,28.7,41.1,30.2
549,spirulina,3.52,0.42,79.7,14.4,52.7,6.5,40.8,22.5,,550,15,,27.9,40.5,31.6
550,spirulina,3.52,0.42,79.7,14.4,52.7,6.5,40.8,22.5,,600,15,,28.5,39.8,31.7
551,rapeseed,4,5.5,82.6,7.9,52.25,8.06,35.78,3.91,0.53,350,7,,31.03,39.11,29.86
552,rapeseed,4,5.5,82.6,7.9,52.25,8.06,35.78,3.91,0.53,400,7,,29.73,41.18,29.09
553,rapeseed,4,5.5,82.6,7.9,52.25,8.06,35.78,3.91,0.53,450,7,,24.39,41.76,33.85
554,rapeseed,4,5.5,82.6,7.9,52.25,8.06,35.78,3.91,0.53,500,7,,24.03,45.44,30.53
555,rapeseed,4,5.5,82.6,7.9,52.25,8.06,35.78,3.91,0.53,550,7,,24.21,44.14,31.65
556,rapeseed,4,5.5,82.6,7.9,52.25,8.06,35.78,3.91,0.53,700,7,,22.64,42.57,34.79
557,rapeseed,4,5.5,82.6,7.9,52.25,8.06,35.78,3.91,0.53,350,40,,28.07,31.71,40.22
558,rapeseed,4,5.5,82.6,7.9,52.25,8.06,35.78,3.91,0.53,400,40,,24.61,36.2,39.19
559,rapeseed,4,5.5,82.6,7.9,52.25,8.06,35.78,3.91,0.53,450,40,,20.89,36.64,42.47
560,rapeseed,4,5.5,82.6,7.9,52.25,8.06,35.78,3.91,0.53,500,40,,21.07,39.25,39.69
561,rapeseed,4,5.5,82.6,7.9,52.25,8.06,35.78,3.91,0.53,550,40,,20.84,37.54,41.62
562,rapeseed,4,5.5,82.6,7.9,52.25,8.06,35.78,3.91,0.53,700,40,,20.08,35.57,44.35
563,sunflower bagasse,5,6.9,73.8,14.3,49.6,7.4,38.6,4.4,1.13,300,7,0,32.1,51.3,16.6
564,sunflower bagasse,5,6.9,73.8,14.3,49.6,7.4,38.6,4.4,1.13,400,7,0,29.2,53.2,17.6
565,sunflower bagasse,5,6.9,73.8,14.3,49.6,7.4,38.6,4.4,1.13,450,7,0,28.4,54.4,17.2
566,sunflower bagasse,5,6.9,73.8,14.3,49.6,7.4,38.6,4.4,1.13,520,7,0,28,53.4,18.6
567,sunflower bagasse,5,6.9,73.8,14.3,49.6,7.4,38.6,4.4,1.13,700,7,0,26.5,53.3,20.2
568,sunflower bagasse,5,6.9,73.8,14.3,49.6,7.4,38.6,4.4,1.13,900,7,0,26,52.9,21.1
569,sunflower bagasse,5,6.9,73.8,14.3,49.6,7.4,38.6,4.4,1.13,300,30,0,26.4,49.1,24.5
570,sunflower bagasse,5,6.9,73.8,14.3,49.6,7.4,38.6,4.4,1.13,400,30,0,26.2,49.4,24.4
571,sunflower bagasse,5,6.9,73.8,14.3,49.6,7.4,38.6,4.4,1.13,450,30,0,26.2,49.2,24.6
572,sunflower bagasse,5,6.9,73.8,14.3,49.6,7.4,38.6,4.4,1.13,520,30,0,25.8,50.8,23.4
573,sunflower bagasse,5,6.9,73.8,14.3,49.6,7.4,38.6,4.4,1.13,700,30,0,25.4,51.6,23
574,sunflower bagasse,5,6.9,73.8,14.3,49.6,7.4,38.6,4.4,1.13,900,30,0,24.9,51.6,23.5
575,sunflower bagasse,5,6.9,73.8,14.3,49.6,7.4,38.6,4.4,1.13,450,30,50,28.8,56.9,14.3
576,sunflower bagasse,5,6.9,73.8,14.3,49.6,7.4,38.6,4.4,1.13,450,30,100,29,59.3,11.7
577,sunflower bagasse,5,6.9,73.8,14.3,49.6,7.4,38.6,4.4,1.13,450,30,200,29.4,57.7,12.9
578,sunflower bagasse,5,6.9,73.8,14.3,49.6,7.4,38.6,4.4,1.13,450,30,400,29,57.2,13.8
579,sunflower bagasse,5,6.9,73.8,14.3,49.6,7.4,38.6,4.4,1.13,450,30,600,29.4,58.3,12.3
580,The sugar beet bagasse,9.84,3.68,74.45,12.03,42.67,6.08,49.3,1.95,0.5,350,10,0,33.84,28.95,37.22
581,The sugar beet bagasse,9.84,3.68,74.45,12.03,42.67,6.08,49.3,1.95,0.5,400,10,0,31.39,30.33,38.28
582,The sugar beet bagasse,9.84,3.68,74.45,12.03,42.67,6.08,49.3,1.95,0.5,450,10,0,29.07,31.33,39.6
583,The sugar beet bagasse,9.84,3.68,74.45,12.03,42.67,6.08,49.3,1.95,0.5,500,10,0,27.27,33.37,39.36
584,The sugar beet bagasse,9.84,3.68,74.45,12.03,42.67,6.08,49.3,1.95,0.5,550,10,0,26.51,31.63,41.86
585,The sugar beet bagasse,9.84,3.68,74.45,12.03,42.67,6.08,49.3,1.95,0.5,350,30,0,31.36,31.03,37.61
586,The sugar beet bagasse,9.84,3.68,74.45,12.03,42.67,6.08,49.3,1.95,0.5,400,30,0,28.27,32.93,38.8
587,The sugar beet bagasse,9.84,3.68,74.45,12.03,42.67,6.08,49.3,1.95,0.5,450,30,0,27.38,33.67,38.95
588,The sugar beet bagasse,9.84,3.68,74.45,12.03,42.67,6.08,49.3,1.95,0.5,500,30,0,25.32,34.41,40.27
589,The sugar beet bagasse,9.84,3.68,74.45,12.03,42.67,6.08,49.3,1.95,0.5,550,30,0,24.95,33.33,41.73
590,The sugar beet bagasse,9.84,3.68,74.45,12.03,42.67,6.08,49.3,1.95,1.5,500,30,100,34.92,38.36,26.72
591,The sugar beet bagasse,9.84,3.68,74.45,12.03,42.67,6.08,49.3,1.95,2.5,500,30,150,37.44,36.47,26.09
592,The sugar beet bagasse,9.84,3.68,74.45,12.03,42.67,6.08,49.3,1.95,3.5,500,30,200,39.83,35.59,24.58
593,sunflower,5.8,7.4,76.1,10.7,49.81,6.22,39.1,4.87,0.33,400,15,25,41.18,38.43,20.39
594,sunflower,5.8,7.4,76.1,10.7,49.81,6.22,39.1,4.87,0.33,500,15,25,33.64,58.44,7.92
595,sunflower,5.8,7.4,76.1,10.7,49.81,6.22,39.1,4.87,0.33,550,15,25,31.8,58.25,9.95
596,sunflower,5.8,7.4,76.1,10.7,49.81,6.22,39.1,4.87,0.33,700,15,25,26.46,39.57,33.97
597,sunflower,5.8,7.4,76.1,10.7,49.81,6.22,39.1,4.87,0.33,400,15,50,39.49,39.75,20.76
598,sunflower,5.8,7.4,76.1,10.7,49.81,6.22,39.1,4.87,0.33,500,15,50,30.62,59.95,9.43
599,sunflower,5.8,7.4,76.1,10.7,49.81,6.22,39.1,4.87,0.33,550,15,50,27.41,62.41,10.18
600,sunflower,5.8,7.4,76.1,10.7,49.81,6.22,39.1,4.87,0.33,700,15,50,24.76,41.83,33.41
601,sunflower,5.8,7.4,76.1,10.7,49.81,6.22,39.1,4.87,0.33,400,15,100,39.49,40.13,20.38
602,sunflower,5.8,7.4,76.1,10.7,49.81,6.22,39.1,4.87,0.33,500,15,100,30.24,60.14,9.62
603,sunflower,5.8,7.4,76.1,10.7,49.81,6.22,39.1,4.87,0.33,550,15,100,28.16,61.84,10
604,sunflower,5.8,7.4,76.1,10.7,49.81,6.22,39.1,4.87,0.33,700,15,100,21.56,41.82,36.62
605,sunflower,5.8,7.4,76.1,10.7,49.81,6.22,39.1,4.87,0.33,400,15,200,37.98,39.56,22.46
606,sunflower,5.8,7.4,76.1,10.7,49.81,6.22,39.1,4.87,0.33,500,15,200,29.11,58.81,12.08
607,sunflower,5.8,7.4,76.1,10.7,49.81,6.22,39.1,4.87,0.33,550,15,200,26.84,59,14.16
608,sunflower,5.8,7.4,76.1,10.7,49.81,6.22,39.1,4.87,0.33,700,15,200,21.56,42.58,35.86
609,sunflower,5.8,7.4,76.1,10.7,49.81,6.22,39.1,4.87,0.33,400,15,400,37.41,38.81,23.78
610,sunflower,5.8,7.4,76.1,10.7,49.81,6.22,39.1,4.87,0.33,500,15,400,47,38.85,14.15
611,sunflower,5.8,7.4,76.1,10.7,49.81,6.22,39.1,4.87,0.33,550,15,400,26.28,58.43,15.29
612,sunflower,5.8,7.4,76.1,10.7,49.81,6.22,39.1,4.87,0.33,700,15,400,20.99,43.14,35.87
613,F. orientalis L. plants,,,,,44.41,6.74,47.53,1.33,0.5,350,15,100,40.28,38.46,20.74
614,F. orientalis L. plants,,,,,44.41,6.74,47.53,1.33,0.5,400,15,100,36.27,39.96,23.68
615,F. orientalis L. plants,,,,,44.41,6.74,47.53,1.33,0.5,450,15,100,33.82,41.99,23.71
616,F. orientalis L. plants,,,,,44.41,6.74,47.53,1.33,0.5,500,15,100,30.59,43.03,26.65
617,F. orientalis L. plants,,,,,44.41,6.74,47.53,1.33,0.5,550,15,100,29.16,42.81,28.24
618,F. orientalis L. plants,,,,,44.41,6.74,47.53,1.33,0.5,600,15,100,26.49,40.86,32.85
619,F. orientalis L. plants,,,,,44.41,6.74,47.53,1.33,0.5,350,30,100,38.71,40.56,20.85
620,F. orientalis L. plants,,,,,44.41,6.74,47.53,1.33,0.5,400,30,100,34.36,42.21,23.79
621,F. orientalis L. plants,,,,,44.41,6.74,47.53,1.33,0.5,450,30,100,31.92,42.81,25.5
622,F. orientalis L. plants,,,,,44.41,6.74,47.53,1.33,0.5,500,30,100,28.8,43.71,27.87
623,F. orientalis L. plants,,,,,44.41,6.74,47.53,1.33,0.5,550,30,100,26.92,43.71,29.8
624,F. orientalis L. plants,,,,,44.41,6.74,47.53,1.33,0.5,600,30,100,25.26,42.13,33.52
625,F. orientalis L. plants,,,,,44.41,6.74,47.53,1.33,0.5,350,50,100,36.81,41.91,20.97
626,F. orientalis L. plants,,,,,44.41,6.74,47.53,1.33,0.5,400,50,100,32.69,42.66,24.9
627,F. orientalis L. plants,,,,,44.41,6.74,47.53,1.33,0.5,450,50,100,29.57,43.41,27.17
628,F. orientalis L. plants,,,,,44.41,6.74,47.53,1.33,0.5,500,50,100,26.12,45.13,28.88
629,F. orientalis L. plants,,,,,44.41,6.74,47.53,1.33,0.5,550,50,100,25.01,43.56,31.03
630,F. orientalis L. plants,,,,,44.41,6.74,47.53,1.33,0.5,600,50,100,23.24,42.36,34.41
631,Jute dust,5.34,9.65,72.11,12.9,43.71,6.18,48.75,1.38,,400,10,0,40.48,43.84,15.67
632,Jute dust,5.34,9.65,72.11,12.9,43.71,6.18,48.75,1.38,,500,10,0,33.45,49.1,17.45
633,Jute dust,5.34,9.65,72.11,12.9,43.71,6.18,48.75,1.38,,600,10,0,30.42,47.71,21.87
634,Jute dust,5.34,9.65,72.11,12.9,43.71,6.18,48.75,1.38,,700,10,0,25.34,45.88,28.78
635,Jute dust,5.34,9.65,72.11,12.9,43.71,6.18,48.75,1.38,,400,40,0,35.33,48.24,16.43
636,Jute dust,5.34,9.65,72.11,12.9,43.71,6.18,48.75,1.38,,500,40,0,31.42,48.24,20.43
637,Jute dust,5.34,9.65,72.11,12.9,43.71,6.18,48.75,1.38,,600,40,0,28.78,47.44,23.78
638,Jute dust,5.34,9.65,72.11,12.9,43.71,6.18,48.75,1.38,,700,40,0,24.32,46.64,29.04
639,Jute dust,5.34,9.65,72.11,12.9,43.71,6.18,48.75,1.38,,500,40,50,34.27,48.85,16.88
640,Jute dust,5.34,9.65,72.11,12.9,43.71,6.18,48.75,1.38,,500,40,100,33.59,48.29,18.12
641,Jute dust,5.34,9.65,72.11,12.9,43.71,6.18,48.75,1.38,,500,40,150,31.42,48.24,20.34
642,Jute dust,5.34,9.65,72.11,12.9,43.71,6.18,48.75,1.38,,500,40,200,30.69,38.47,30.8
643,Jute dust,5.34,9.65,72.11,12.9,43.71,6.18,48.75,1.38,,500,40,250,28.73,37.6,33.67
644,straw and stalk,0,5.87,75.55,18.58,45.17,5.15,42.92,0.75,0.75,350,10,,46.48,25.59,27.84
645,straw and stalk,0,5.87,75.55,18.58,45.17,5.15,42.92,0.75,0.75,450,10,,36.34,30.38,33.37
646,straw and stalk,0,5.87,75.55,18.58,45.17,5.15,42.92,0.75,0.75,550,10,,33.93,37.74,28.67
647,straw and stalk,0,5.87,75.55,18.58,45.17,5.15,42.92,0.75,0.75,650,10,,30.58,37.74,31.81
648,straw and stalk,0,5.87,75.55,18.58,45.17,5.15,42.92,0.75,0.75,350,30,,44.01,23.17,32.77
649,straw and stalk,0,5.87,75.55,18.58,45.17,5.15,42.92,0.75,0.75,450,30,,35.83,29.75,34.44
650,straw and stalk,0,5.87,75.55,18.58,45.17,5.15,42.92,0.75,0.75,550,30,,33.21,37.02,29.9
651,straw and stalk,0,5.87,75.55,18.58,45.17,5.15,42.92,0.75,0.75,650,30,,29.76,36.02,34.4
652,corncob,6.4,1.2,76.7,15.7,52.7,6.4,40.6,0.3,0.65,300,7,0,30.3,40.15,30.12
653,corncob,6.4,1.2,76.7,15.7,52.7,6.4,40.6,0.3,0.65,400,7,0,30.99,39.55,29.91
654,corncob,6.4,1.2,76.7,15.7,52.7,6.4,40.6,0.3,0.65,500,7,0,27.37,41.46,31.49
655,corncob,6.4,1.2,76.7,15.7,52.7,6.4,40.6,0.3,0.65,600,7,0,26.98,41.04,30.21
656,corncob,6.4,1.2,76.7,15.7,52.7,6.4,40.6,0.3,0.65,700,7,0,26.05,36.32,35.74
657,corncob,6.4,1.2,76.7,15.7,52.7,6.4,40.6,0.3,0.65,800,7,0,24.77,36.62,37.68
658,Teak sawdust,3.87,3.53,78.17,14.43,49.17,5.93,43.87,1.03,0.18,400,10,150,37.17,42.52,20.63
659,Teak sawdust,3.87,3.53,78.17,14.43,49.17,5.93,43.87,1.03,0.18,500,10,150,34.33,44.88,22.2
660,Teak sawdust,3.87,3.53,78.17,14.43,49.17,5.93,43.87,1.03,0.18,600,10,150,28.19,49.29,23.94
661,Teak sawdust,3.87,3.53,78.17,14.43,49.17,5.93,43.87,1.03,0.18,700,10,150,26.93,47.72,26.93
662,Teak sawdust,3.87,3.53,78.17,14.43,49.17,5.93,43.87,1.03,0.18,600,10,150,27.44,48.77,23.6
663,Teak sawdust,3.87,3.53,78.17,14.43,49.17,5.93,43.87,1.03,0.18,600,10,200,25.66,47.49,26.32
664,Teak sawdust,3.87,3.53,78.17,14.43,49.17,5.93,43.87,1.03,0.18,600,10,250,23.71,45.37,29.55
665,Teak sawdust,3.87,3.53,78.17,14.43,49.17,5.93,43.87,1.03,0.5,600,10,150,30.54,47.79,23.04
666,Teak sawdust,3.87,3.53,78.17,14.43,49.17,5.93,43.87,1.03,0.25,600,10,150,28.41,48.47,22.78
667,Teak sawdust,3.87,3.53,78.17,14.43,49.17,5.93,43.87,1.03,0.18,600,10,150,27.59,48.78,24.03
668,Degreasing cake,,2.73,72.61,21.1,43.82,6.35,45.98,3.15,1.44,450,30,,38.46,43.62,18.03
669,Degreasing cake,,2.73,72.61,21.1,43.82,6.35,45.98,3.15,1.44,500,30,,33.78,47.61,19
670,Degreasing cake,,2.73,72.61,21.1,43.82,6.35,45.98,3.15,1.44,550,30,,32.11,44.25,22.61
671,Beech,8.7,0.8,84.3,15.2,49.1,5.7,44.5,0.15,0.38,450,10,50,40.6,47.5,6.1
672,Beech,8.7,0.8,84.3,15.2,49.1,5.7,44.5,0.15,0.38,500,10,50,13.6,62.4,15
673,Beech,8.7,0.8,84.3,15.2,49.1,5.7,44.5,0.15,0.38,550,10,50,10.3,48.4,25.6
674,Beech,8.7,0.8,84.3,15.2,49.1,5.7,44.5,0.15,0.38,600,10,50,8.2,40.1,51.5
675,White oak and sweetgum logs,6.84,0.48,76.15,16.3,49.7,6.5,36.84,0.1,4,450,4,,16.7,58.9,41.1
676,White oak and sweetgum logs,11.31,0.71,75.79,12.42,47.88,5.57,34.65,0.08,4,450,,,18.3,56.2,43.8
677,"RS,RH",4.1,9.8,74.3,16,54.3,5.7,38.4,1.6,0.34,375,10,7000,38.42,52.38,8.94
678,"RS,RH",4.1,9.8,74.3,16,54.3,5.7,38.4,1.6,0.34,400,10,7000,37.36,54.09,8.05
679,"RS,RH",4.1,9.8,74.3,16,54.3,5.7,38.4,1.6,0.34,425,10,7000,33.89,55.62,10.27
680,"RS,RH",4.1,9.8,74.3,16,54.3,5.7,38.4,1.6,0.34,450,10,7000,31.11,57.31,11.11
681,"RS,RH",4.1,9.8,74.3,16,54.3,5.7,38.4,1.6,0.34,500,10,7000,28.13,55.2,16.41
682,"RS,RH",1.3,13.9,69.3,16.8,50.4,6,42.6,0.9,0.34,375,10,7000,34.11,52.21,13.42
683,"RS,RH",1.3,13.9,69.3,16.8,50.4,6,42.6,0.9,0.34,400,10,7000,30.46,54.6,15.29
684,"RS,RH",1.3,13.9,69.3,16.8,50.4,6,42.6,0.9,0.34,425,10,7000,27.17,50.79,21.48
685,"RS,RH",1.3,13.9,69.3,16.8,50.4,6,42.6,0.9,0.34,450,10,7000,26.8,49.56,24.22
686,"RS,RH",1.3,13.9,69.3,16.8,50.4,6,42.6,0.9,0.34,500,10,7000,24.34,47.44,27.96
687,Jatropha curcas de oilseed cake,5,5,69,21,42.3,4.8,46.74,5.8,0.75,425,30,8000,38.6,45,16.4
688,Jatropha curcas de oilseed cake,5,5,69,21,42.3,4.8,46.74,5.8,0.75,450,30,8000,35.1,48,16.9
689,Jatropha curcas de oilseed cake,5,5,69,21,42.3,4.8,46.74,5.8,0.75,475,30,8000,33.2,46.6,20.2
690,Jatropha curcas de oilseed cake,5,5,69,21,42.3,4.8,46.74,5.8,0.75,500,30,8000,30,44,26
691,Jatropha curcas de oilseed cake,5,5,69,21,42.3,4.8,46.74,5.8,0.34,450,30,8000,34.6,44.3,21.1
692,Jatropha curcas de oilseed cake,5,5,69,21,42.3,4.8,46.74,5.8,0.75,450,30,8000,35.1,48,16.9
693,Jatropha curcas de oilseed cake,5,5,69,21,42.3,4.8,46.74,5.8,0.75,450,30,8000,38.4,46.2,15.4
694,Jatropha curcas de oilseed cake,5,5,69,21,42.3,4.8,46.74,5.8,0.75,450,30,6000,32.7,44.8,22.5
695,Jatropha curcas de oilseed cake,5,5,69,21,42.3,4.8,46.74,5.8,0.75,450,30,8000,35.1,48,16.9
696,Jatropha curcas de oilseed cake,5,5,69,21,42.3,4.8,46.74,5.8,0.75,450,30,10000,32,41.5,26.5
697,Tomato peel,4.67,4.87,78.12,12.34,55,7.9,34,2.8,,450,20,,44,14,42
698,Tomato peel,4.67,4.87,78.12,12.34,55,7.9,34,2.8,,500,20,,39,17.5,43.5
699,Tomato peel,4.67,4.87,78.12,12.34,55,7.9,34,2.8,,550,20,,26.4,32,33.6
700,Tomato peel,4.67,4.87,78.12,12.34,55,7.9,34,2.8,,600,20,,27.85,40,32.15
701,Tomato peel,4.67,4.87,78.12,12.34,55,7.9,34,2.8,,650,20,,26,36,38
702,Walnut shell,7.5,1.65,71.52,19.33,46.65,5.8,47.54,1.65,0.85,300,15,200,41.98,34.42,22.42
703,Walnut shell,7.5,1.65,71.52,19.33,46.65,5.8,47.54,1.65,0.85,400,15,200,36.05,37.85,25.73
704,Walnut shell,7.5,1.65,71.52,19.33,46.65,5.8,47.54,1.65,0.85,500,15,200,31.68,41.88,26.28
705,Walnut shell,7.5,1.65,71.52,19.33,46.65,5.8,47.54,1.65,0.85,600,15,200,30.55,40.03,30.19
706,Walnut shell,7.5,1.65,71.52,19.33,46.65,5.8,47.54,1.65,0.33,500,15,200,28.84,42.59,26.45
707,Walnut shell,7.5,1.65,71.52,19.33,46.65,5.8,47.54,1.65,0.51,500,15,200,30.4,43.78,26.1
708,Walnut shell,7.5,1.65,71.52,19.33,46.65,5.8,47.54,1.65,0.65,500,15,200,30.88,44.38,24.66
709,Walnut shell,7.5,1.65,71.52,19.33,46.65,5.8,47.54,1.65,0.85,500,15,200,31.35,45.82,23.23
710,MCA oil cake,6.5,6.5,74.9,18.9,47.28,6.52,43.33,2.55,1,350,20,8000,43.75,41.41,13.8
711,MCA oil cake,6.5,6.5,74.9,18.9,47.28,6.52,43.33,2.55,1,400,20,8000,39.37,43.85,15.68
712,MCA oil cake,6.5,6.5,74.9,18.9,47.28,6.52,43.33,2.55,1,450,20,8000,36.04,46.04,16.51
713,MCA oil cake,6.5,6.5,74.9,18.9,47.28,6.52,43.33,2.55,1,500,20,8000,35.05,43.02,20.21
714,MCA oil cake,6.5,6.5,74.9,18.9,47.28,6.52,43.33,2.55,1,550,20,8000,33.54,39.74,25.47
715,MCA oil cake,6.5,6.5,74.9,18.9,47.28,6.52,43.33,2.55,1,600,20,8000,32.81,35.42,31.77
716,MCA oil cake,6.5,6.5,74.9,18.9,47.28,6.52,43.33,2.55,0.33,450,20,8000,33.25,44.42,21.83
717,MCA oil cake,6.5,6.5,74.9,18.9,47.28,6.52,43.33,2.55,0.65,450,20,8000,33.82,46.32,19.35
718,MCA oil cake,6.5,6.5,74.9,18.9,47.28,6.52,43.33,2.55,1,450,20,8000,36.93,47.97,16.63
719,MCA oil cake,6.5,6.5,74.9,18.9,47.28,6.52,43.33,2.55,1.5,450,20,8000,36.23,47.33,17.45
720,MCA oil cake,6.5,6.5,74.9,18.9,47.28,6.52,43.33,2.55,2,450,20,8000,37.06,41.63,19.29
721,S. japonica,2.79,22.99,70.9,3.22,42.09,4.38,51.6,1.53,4,430,,600,34.87,44.98,19.92
722,S. japonica,2.79,22.99,70.9,3.22,42.09,4.38,51.6,1.53,4,450,,600,32.48,48.96,18.85
723,S. japonica,2.79,22.99,70.9,3.22,42.09,4.38,51.6,1.53,4,470,,600,30.09,47.46,21.52
724,S. japonica,2.79,22.99,70.9,3.22,42.09,4.38,51.6,1.53,4,530,,600,25.57,48.21,27.11
725,DOC,10.53,6.51,70.56,12.4,54.2,6.1,34.5,5.2,0.35,400,20,,20.61,33.41,45.49
726,DOC,12.56,5.3,71.1,11.04,57.25,5.83,32.72,4.2,0.35,400,20,,18.05,38.41,42.56
727,DOC,9.78,7.32,68.23,14.67,55.85,5.32,33.73,5.1,0.35,400,20,,21.95,33.9,43.17
728,Eucalyptus wood,5.18,4.8,70.85,19.18,51.17,7.95,35.11,5.32,0.85,300,35,25,26.3,42.12,27.95
729,Eucalyptus wood,5.18,4.8,70.85,19.18,51.17,7.95,35.11,5.32,0.85,350,35,25,26.3,45.41,25.07
730,Eucalyptus wood,5.18,4.8,70.85,19.18,51.17,7.95,35.11,5.32,0.85,400,35,25,25.68,44.59,21.99
731,Eucalyptus wood,5.18,4.8,70.85,19.18,51.17,7.95,35.11,5.32,0.85,450,35,25,25.48,49.11,17.67
732,Eucalyptus wood,5.18,4.8,70.85,19.18,51.17,7.95,35.11,5.32,0.85,500,35,25,24.86,44.18,24.86
733,Eucalyptus wood,5.18,4.8,70.85,19.18,51.17,7.95,35.11,5.32,0.85,600,35,25,24.04,42.12,28.97
734,Eucalyptus wood,5.18,4.8,70.85,19.18,51.17,7.95,35.11,5.32,0.85,700,35,25,24.25,39.86,30.62
735,Eucalyptus wood,5.18,4.8,70.85,19.18,51.17,7.95,35.11,5.32,0.85,800,35,25,22.6,37.19,35.14
736,Eucalyptus wood,5.18,4.8,70.85,19.18,51.17,7.95,35.11,5.32,0.85,450,35,50,26.15,32.1,35.16
737,Eucalyptus wood,5.18,4.8,70.85,19.18,51.17,7.95,35.11,5.32,0.85,450,35,100,25.1,37.89,31.76
738,Eucalyptus wood,5.18,4.8,70.85,19.18,51.17,7.95,35.11,5.32,0.85,450,35,150,24.94,39,30.89
739,Eucalyptus wood,5.18,4.8,70.85,19.18,51.17,7.95,35.11,5.32,0.85,450,35,200,24.79,44.43,26.41
740,Eucalyptus wood,5.18,4.8,70.85,19.18,51.17,7.95,35.11,5.32,0.85,450,35,250,25.17,32.92,31.84
741,Eucalyptus wood,5.18,4.8,70.85,19.18,51.17,7.95,35.11,5.32,0.85,450,35,300,25.38,36.73,27.36
742,corn,7.67,8.33,71.95,12.05,49.1,6.1,43.7,0.7,0.3,420,10,30.2,11.9,59.9,10
743,corn,7.67,8.33,71.95,12.05,49.1,6.1,43.7,0.7,0.3,460,10,30.2,14,64.2,14.9
744,corn,7.67,8.33,71.95,12.05,49.1,6.1,43.7,0.7,0.3,500,10,30.2,18.2,66,15.9
745,corn,7.67,8.33,71.95,12.05,49.1,6.1,43.7,0.7,0.3,540,10,30.2,20.8,64.9,21.1
746,corn,7.67,8.33,71.95,12.05,49.1,6.1,43.7,0.7,0.3,580,10,30.2,30.1,64.1,24
747,Karanja seed,7.27,1.5,89.23,2,53.04,7.32,35.53,3.94,0.5,500,20,40,25.76,50.23,24.8
748,Karanja seed,7.27,1.5,89.23,2,53.04,7.32,35.53,3.94,0.5,525,20,40,22.19,53.15,25.06
749,Karanja seed,7.27,1.5,89.23,2,53.04,7.32,35.53,3.94,0.5,550,20,40,20.21,55.32,25.64
750,Karanja seed,7.27,1.5,89.23,2,53.04,7.32,35.53,3.94,0.5,575,20,40,18.77,51.85,29.51
751,Karanja seed,7.27,1.5,89.23,2,53.04,7.32,35.53,3.94,0.5,600,20,40,19.03,50.51,31.26
